game_id,game
1,2k drive
2,7 days to die
3,140
4,868-hack
5,aarklash: legacy
6,afl live 2
7,akiba's trip: undead & undressed
8,alien rage
9,amnesia: a machine for pigs
10,angry birds go!
11,angry birds star wars ii
12,animal crossing plaza
13,arma 3
14,arma tactics
15,armored core: verdict day
16,ascend: hand of kul
17,ashes cricket 2013
18,asphalt 8: airborne
19,assassin's creed iv: black flag
20,assassin's creed freedom cry
21,atomic ninjas
22,attack on titan: humanity in chains
23,avakin life
24,baldur's gate ii: enhanced edition
25,bandfuse: rock legends
26,batman
27,batman: arkham origins
28,batman: arkham origins blackgate
29,battle worlds: kronos
30,battlefield 4
31,beatmania iidx 21: spada
32,ben 10: omniverse 2
33,beyond: two souls
34,bioshock infinite: burial at sea
35,blek
36,blood knights
37,blood of the werewolf
38,book of potions
39,brave frontier
40,breach & clear
41,broken sword 5: the serpent's curse
42,brothers: a tale of two sons
43,bubsy 3d: bubsy visits the james turrell retrospective
44,the bureau: xcom declassified
45,call of duty: ghosts
46,call of duty: strike team
47,card hunter
48,carnivores: dinosaur hunter hd
49,castle of illusion starring mickey mouse
50,charlie murder
51,chucky: slash & dash
52,citadels
53,civilization v: brave new world
54,cloudberry kingdom
55,command: modern air naval operations
56,conception ii: children of the seven stars
57,contrast
58,crimson dragon
59,damascus gear: operation tokyo
60,dark
61,the dark eye: demonicon
62,the dark eye: memoria
63,dark lands
64,dark matter
65,day one: garry's incident
66,dead effect
67,dead or alive 5 ultimate
68,dead rising 3
69,dead trigger 2
70,deadfall adventures
71,deemo
72,desktop dungeons
73,deus ex: the fall
74,device 6
75,disney infinity
76,disney magical world
77,disorder 6
78,divekick
79,divinity: dragon commander
80,djmax technika q
81,doctor who: legacy
82,doki-doki universe
83,dominions 4: thrones of ascension
84,dota 2
85,double dealing character
86,dr. luigi
87,dracula 5: the blood legacy
88,dragon's crown
89,dragon's prophet
90,drakengard 3
91,dream chamber
92,dropchord
93,ducktales: remastered
94,dungeons & dragons: chronicles of mystara
95,earth defense force 2025
96,eldritch
97,electronic super joy
98,enter the dominatrix
99,europa universalis iv
100,exstetra
101,f1 2013
102,face noir
103,fairy fencer f
104,fallout: new california
105,fault milestone one
106,fester mudd: curse of the gold
107,fightback
108,fighter within
109,final fantasy x/x-2 hd remaster
110,final fantasy xiv
111,flashback
112,flipnote studio 3d
113,forced
114,forza motorsport 5
115,foul play
116,frozen: olaf's quest
117,garfield kart
118,gas guzzlers extreme
119,gentlemen!
120,girl fight
121,god eater 2
122,gomo
123,gone home
124,goodbye deponia
125,gran turismo 6
126,grand theft auto online
127,grand theft auto v
128,gujian2
129,halo: spartan assault
130,hammerwatch
131,hatsune miku: project mirai 2
132,hometown story
133,hot wheels: world's best driver
134,ibb and obb
135,il-2 sturmovik: great battles
136,inazuma eleven go: galaxy
137,infinity blade iii
138,interstellar marines
139,invizimals: the alliance
140,invizimals: the lost kingdom
141,ironclad tactics
142,joe dever's lone wolf
143,jojo's bizarre adventure: all star battle
144,just dance 2014
145,just dance kids 2014
146,kentucky route zero
147,kickbeat
148,killer instinct
149,killer is dead
150,killer queen
151,killzone shadow fall
152,killzone: mercenary
153,kingdom hearts χ
154,knack
155,knock-knock
156,the legend of heroes: trails of cold steel
157,the legend of zelda: a link between worlds
158,lego friends
159,lego legends of chima online
160,lego marvel super heroes
161,lightning returns: final fantasy xiii
162,lococycle
163,the lord of the rings online: helm's deep
164,lords of waterdeep
165,lost echo
166,lost planet 3
167,mach storm
168,mario & luigi: dream team
169,mario & sonic at the sochi 2014 olympic winter games
170,mario party: island tour
171,marlow briggs and the mask of death
172,marvel puzzle quest
173,max: the curse of brotherhood
174,mechwarrior: tactical command
175,mechwarrior online
176,mega dead pixel
177,meister cody
178,metal gear solid: the legacy collection
179,metal max 4: gekkō no diva
180,mimpi
181,mind zero
182,monster hunter 4
183,my talking tom
184,the mysterious cities of gold: secret paths
185,nancy drew: the silent spy
186,narco terror
187,nba 2k14
188,nba live 14
189,ncaa football 14
190,need for speed rivals
191,neo xyx
192,nether
193,nhl 14
194,nightmare busters
195,oceanhorn: monster of uncharted seas
196,one piece: unlimited world red
197,outlast
198,pac-man and the ghostly adventures
199,pac-man dash!
200,pacific rim
201,pandora: first contact
202,"papers, please"
203,parkour everyday
204,path of exile
205,payday 2
206,peggle 2
207,persona 4 arena ultimax
208,phineas and ferb: quest for cool stuff
209,phoenix wright: ace attorney – dual destinies
210,pikmin 3
211,plants vs. zombies 2
212,playing history 2 - slave trade
213,the playroom
214,playstation all-stars island
215,pocket card jockey
216,pocket trains
217,pokémon x and y
218,powerstar golf
219,pro evolution soccer 2014
220,puppeteer
221,puzzle & dragons z + super mario bros. edition
222,r.i.p.d. the game
223,rabbids big bang
224,race the sun
225,ratchet & clank: into the nexus
226,the raven: legacy of a master thief
227,rayman legends
228,regular show: mordecai and rigby in 8-bit land
229,république
230,resogun
231,ridge racer slipstream
232,rift hunter
233,rise of the triad
234,risk of rain
235,rocksmith 2014
236,the room two
237,rusty's real deal baseball
238,ryse: son of rome
239,saint seiya: brave soldiers
240,saints row iv
241,samurai gunn
242,scourge: outbreak
243,scribblenauts unmasked: a dc comics adventure
244,secret files: sam peters
245,shadow warrior
246,shadowrun returns
247,skydive: proximity flight
248,skylanders: swap force
249,snowden run 3d
250,socrates jones: pro philosopher
251,sonic lost world
252,space hulk
253,spongebob squarepants: plankton's robotic revenge
254,spud's quest
255,star wars: tiny death star
256,steamworld dig
257,strength of the sword 3
258,stride & prejudice
259,super mario 3d world
260,super motherload
261,takedown: red sabre
262,tearaway
263,teenage mutant ninja turtles
264,teenage mutant ninja turtles: out of the shadows
265,teslagrad
266,timelines: assault on america
267,tiny thief
268,tom clancy's splinter cell: blacklist
269,total war: rome ii
270,trivia crack
271,type:rider
272,ultima forever: quest for the avatar
273,valdis story: abyssal city
274,volgarr the viking
275,the walking dead: season two
276,walking with dinosaurs
277,warface
278,war thunder
279,wii fit u
280,wii party u
281,wii sports club
282,the witch and the hundred knight
283,the wolf among us
284,the wonderful 101
285,world of warplanes
286,world series of poker: full house pro
287,worms 3
288,worms clan wars
289,wrc 4: fia world rally championship
290,wwe 2k14
291,x rebirth
292,xblaze code: embryo
293,xcom: enemy within
294,yo-kai watch
295,young justice: legacy
296,zoo tycoon
297,zumba fitness: world party
298,zumba kids
299,80 days
300,1001 spikes
301,2014 fifa world cup brazil
302,2048
303,abyss odyssey
304,ace combat infinity
305,adventure capitalist
306,adventure time: the secret of the nameless kingdom
307,age of empires: castle siege
308,age of wonders iii
309,airmech
310,alien: isolation
311,always sometimes monsters
312,amazing princess sarah
313,the amazing spider-man 2
314,among the sleep
315,angry birds epic
316,angry birds stella
317,aperture tag
318,ar nosurge
319,archangel
320,armillo
321,asphalt overdrive
322,assassin's creed rogue
323,assassin's creed unity
324,assetto corsa
325,atelier shallie: alchemists of the dusk sea
326,azure striker gunvolt
327,the banner saga
328,basement crawl
329,bayonetta 2
330,beatmania iidx 22: pendual
331,betrayer
332,the binding of isaac: rebirth
333,a bird story
334,bit boy!! arcade
335,black desert online
336,blackguards
337,the blackwell epiphany
338,blade arcus from shining
339,blazerush
340,bloodstroke
341,bonza
342,boom beach
343,borderlands: the pre-sequel
344,bound by flame
345,broken age
346,brothers in arms 3: sons of war
347,bullet girls
348,cabela's big game hunter: pro hunts
349,call of duty: advanced warfare
350,caller's bane
351,captain toad: treasure tracker
352,car mechanic simulator 2014
353,castaway paradise
354,the castle doctrine
355,castle doombad
356,castlevania: lords of shadow 2
357,chaos;child
358,chaos rings iii
359,chariot
360,el chavo kart
361,child of light
362,christmas shopper simulator
363,a city sleeps
364,civilization revolution 2
365,civilization: beyond earth
366,clicker heroes
367,closers
368,cloudbuilt
369,code: realize
370,coming out on top
371,consortium
372,costume quest 2
373,counterspy
374,crazy taxi: city rush
375,the crew
376,crossy road
377,cue club 2
378,d4: dark dreams don't die
379,daisenryaku perfect hd
380,dance central spotlight
381,danganronpa another episode: ultra despair girls
382,the dark eye: skilltree saga
383,dark souls ii
384,a date in the park
385,daylight
386,dead state
387,deadman's cross
388,deception iv: blood ties
389,dedede's drum dash deluxe
390,defense grid 2
391,desert golfing
392,destiny
393,destiny of spirits
394,destiny post-release content
395,diablo iii: reaper of souls
396,digimon all-star rumble
397,disco zoo
398,disney infinity 2.0
399,divinity: original sin
400,don bradman cricket 14
401,"don't die, mr. robot!"
402,donkey kong country: tropical freeze
403,door kickers
404,dragon age: inquisition
405,dragon ball z: battle of z
406,dreadout
407,dreamfall chapters
408,driveclub
409,drunken robot pornography
410,duck game
411,dungeon keeper
412,dungeon of the endless
413,earn to die 2
414,eidolon
415,the elder scrolls online
416,elite dangerous
417,elliot quest
418,endless legend
419,enemy front
420,the ensign
421,entwined
422,escape dead island
423,ether one
424,etrian odyssey 2 untold: the fafnir knight
425,the evil within
426,f1 2014
427,the fall
428,family guy: the quest for stuff
429,fantasia: music evolved
430,far cry 4
431,fatal frame: maiden of black water
432,fearless fantasy
433,fenix rage
434,fifa 15
435,final fantasy agito
436,final fantasy explorers
437,final fantasy record keeper
438,final fantasy vii g-bike
439,firefall
440,five nights at freddy's
441,five nights at freddy's 2
442,forza horizon 2
443,fossil fighters: frontier
444,fract osc
445,framed
446,freedom planet
447,freedom wars
448,futuridium ep deluxe
449,game of thrones
450,gamecenter cx 3
451,gauntlet
452,geometry wars 3: dimensions
453,tom clancy's ghost recon phantoms
454,give it up!
455,goat simulator
456,gods will be watching
457,godus
458,godzilla
459,golem arcana
460,the golf club
461,granblue fantasy
462,grid autosport
463,guardians of the skies
464,guilty gear xrd
465,gunz 2
466,hack 'n' slash
467,halfway
468,halo: the master chief collection
469,harvest moon: the lost valley
470,hatsune miku: project diva f 2nd
471,hearthstone
472,heavy bullets
473,hegemony rome: the rise of caesar
474,hitman go
475,hohokum
476,hotaru no nikki
477,hyperdevotion noire: goddess black heart
478,hyperdimension neptunia u: action unleashed
479,hyrule warriors
480,icewind dale: enhanced edition
481,the idolmaster one for all
482,impossible spell card
483,infamous first light
484,infamous second son
485,infested planet
486,insurgency
487,island days
488,j-stars victory vs
489,j.u.l.i.a. among the stars
490,jagged alliance: flashback
491,jazzpunk
492,jet car stunts
493,just dance 2015
494,just dance now
495,just dance wii u
496,kalimba
497,kazooloo
498,the keep
499,kero blaster
500,kick-ass 2: the game
501,kill shot
502,kinect sports rivals
503,king's bounty: dark side
504,kingdom hearts hd 2.5 remix
505,kirby fighters deluxe
506,kirby: triple deluxe
507,lara croft and the temple of osiris
508,the last of us: left behind
509,the last tinker: city of colors
510,legend of grimrock ii
511,the legend of heroes: trails of cold steel ii
512,the legend of korra
513,lego batman 3: beyond gotham
514,lego the hobbit
515,the lego movie videogame
516,lethal league
517,the letter
518,lichdom: battlemage
519,lifeless planet
520,lisa: the painful
521,little tail story
522,littlebigplanet 3
523,loadout
524,looney tunes dash
525,lords of the black sun
526,lords of the fallen
527,lost dimension
528,lovely planet
529,luftrausers
530,lumino city
531,machineers
532,madden nfl mobile
533,magic: the gathering – duels of the planeswalkers 2015
534,magus
535,make it rain: the love of money
536,mario golf: world tour
537,mario kart 8
538,marvel contest of champions
539,the marvellous miss take
540,meme run
541,men of war: assault squad 2
542,mercenary kings
543,metal gear solid v: ground zeroes
544,metrico
545,middle-earth: shadow of mordor
546,might and magic: heroes online
547,might & magic x: legacy
548,mighty gunvolt
549,mlb 14: the show
550,modern combat 5: blackout
551,moe chronicle
552,moebius: empire rising
553,monochroma
554,monument valley
555,monzo
556,motogp 14
557,motorsport manager
558,mountain
559,munin
560,the muppets movie adventures
561,murasaki baby
562,murdered: soul suspect
563,mx vs. atv supercross
564,mxgp the official motocross videogame
565,naissancee
566,nancy drew: the shattered medallion
567,nancy drew: labyrinth of lies
568,naruto shippuden: ultimate ninja storm revolution
569,nascar '14
570,navy field 2
571,nba 2k15
572,nba live 15
573,neo scavenger
574,never alone
575,neverending nightmares
576,nhl 2k
577,nhl 15
578,nidhogg
579,octodad: dadliest catch
580,oddworld: new 'n' tasty!
581,olliolli
582,omega quintet
583,one piece treasure cruise
584,onechanbara z2: chaos
585,only if
586,oreshika: tainted bloodlines
587,p.t.
588,pac-man and the ghostly adventures 2
589,panzer tactics hd
590,parascientific escape: cruise in the distant seas
591,perils of man
592,persona q: shadow of the labyrinth
593,phantasy star nova
594,phantom of the kill
595,pix the cat
596,planetary annihilation
597,plants vs. zombies: garden warfare
598,playstation vita pets
599,plunder pirates
600,pokémon art academy
601,pokémon battle trozei
602,pokémon omega ruby and alpha sapphire
603,prime world
604,pro evolution soccer 2015
605,project spark
606,proun+
607,pure pool
608,pushmo world
609,puyo puyo tetris
610,quest of dungeons
611,rambo: the video game
612,razion
613,the red solstice
614,reflex arena
615,rekoil
616,retry
617,revolution 60
618,the rhythm of fighters
619,riot runners
620,rise of mana
621,risen 3: titan lords
622,road not taken
623,rollercoaster tycoon 4 mobile
624,roundabout
625,rugby 15
626,ryū ga gotoku ishin!
627,sacred 3
628,sakura spirit
629,samurai warriors 4
630,sanctuaryrpg
631,screencheat
632,secret ponchos
633,secrets of rætikon
634,sega 3d reprint archives
635,sekai to sekai no mannaka de
636,sengoku basara 4
637,senran kagura: bon appétit!
638,shadow blade
639,shadow blade: reload
640,shadow fight 2
641,shadow puppeteer
642,shadowrun: dragonfall
643,shantae and the pirate's curse
644,shape up
645,sharknado: the video game
646,shattered planet
647,sherlock holmes: crimes & punishments
648,shining resonance
649,shovel knight
650,shut the box
651,simcity: buildit
652,simpleplanes
653,the sims 4
654,size does matter
655,skylanders: trap team
656,smash hit
657,smite
658,snap attack
659,sneaky sneaky
660,sniper elite iii
661,sonic boom: rise of lyric
662,sonic boom: shattered crystal
663,soulcalibur: lost swords
664,south park: the stick of truth
665,space hulk: ascension
666,space run
667,spacebase df-9
668,spider-man unlimited
669,spintires
670,sportsfriends
671,star wars battle pod
672,starforge
673,starpoint gemini 2
674,stealth inc 2: a game of clones
675,the stomping land
676,story of seasons
677,stranger of sword city
678,strider
679,strike vector
680,stronghold crusader ii
681,styx: master of shadows
682,sunset overdrive
683,super hero generation
684,super smash bros. for nintendo 3ds and wii u
685,super time force
686,super win the game
687,supreme ruler ultimate
688,swing copters
689,sword art online: code register
690,sword art online: hollow fragment
691,swordsman online
692,tales from the borderlands
693,tales of aravorn: seasons of the wolf
694,the talos principle
695,team indie
696,teenage mutant ninja turtles: danger of the ooze
697,tenkai knights: brave battle
698,terra battle
699,tesla effect: a tex murphy adventure
700,tetris ultimate
701,theatrhythm final fantasy: curtain call
702,thief
703,thinking with time machine
704,this war of mine
705,threes
706,titanfall
707,tokyo 7th sisters
708,touch detective rising 3
709,towermadness 2
710,town of salem
711,toybox turbos
712,train fever
713,transformers: rise of the dark spark
714,transistor
715,trials frontier
716,trials fusion
717,tropico 5
718,turbo dismount
719,two dots
720,txk
721,unrest
722,unturned
723,valiant hearts: the great war
724,the vanishing of ethan carter
725,velocity 2x
726,vrchat
727,war of the vikings
728,war robots
729,wargame: red dragon
730,"warhammer 40,000: armageddon"
731,"warhammer 40,000: space wolf"
732,"warhammer 40,000: storm of vengeance"
733,warlock ii: the exiled
734,wasteland 2
735,watch dogs
736,water park tycoon
737,wayward souls
738,whispering willows
739,wildstar
740,the witcher adventure game
741,woah dave!
742,wolfenstein: the new order
743,world of warcraft: warlords of draenor
744,world war ii: tcg
745,worms battlegrounds
746,wrack
747,wwe 2k15
748,wwe supercard
749,xenonauts
750,xeodrifter
751,yaiba: ninja gaiden z
752,yo-kai watch 2
753,yoshi's new island
754,ziggurat
755,60 seconds!
756,2064: read only memories
757,a fistful of gun
758,a-men 2
759,act of aggression
760,adventures of pip
761,advertcity
762,aegis of earth: protonovus assault
763,affordable space adventures
764,afro samurai 2
765,afterfall: reconquest
766,agar.io
767,the age of decadence
768,agent a: a puzzle in disguise
769,airattack 2
770,albert & otto
771,alone in the dark: illumination
772,alto's adventure
773,amiibo tap: nintendo's greatest bits
774,angel beats! 1st beat
775,animal crossing: amiibo festival
776,animal crossing: happy home designer
777,anna's quest
778,anno 2205
779,apotheon
780,ark: survival evolved
781,armello
782,armikrog
783,armored warfare
784,arslan: the warriors of legend
785,assassin's creed chronicles
786,assassin's creed syndicate
787,assassin's creed syndicate: jack the ripper
788,assassination classroom: grand siege on koro-sensei
789,assault android cactus
790,assault suit leynos
791,atelier sophie: the alchemist of the mysterious book
792,audiosurf 2
793,autobahn police simulator
794,avernum 2: crystal souls
795,aviary attorney
796,axiom verge
797,bad apple wars
798,badland 2
799,batman: arkham knight
800,battlefield hardline
801,beamng.drive
802,beatmania iidx 23: copula
803,bedlam
804,the beginner's guide
805,beyond eyes
806,big pharma
807,black closet
808,blackguards 2
809,blackhole
810,blazblue: central fiction
811,bleach: brave souls
812,a blind legend
813,block n load
814,blood bowl 2
815,bloodborne
816,bloodsports.tv
817,blues and bullets
818,the book of unwritten tales 2
819,borderlands: the handsome collection
820,boxboy!
821,brave tank hero
822,bravely archive: d's report
823,bravely second: end layer
824,breach & clear: deadline
825,broforce
826,bulb boy
827,caffeine
828,call of duty: black ops iii
829,calvino noir
830,carmageddon: reincarnation
831,chaos reborn
832,chibi-robo! zip lash
833,chroma squad
834,chromagun
835,chronicles of teddy: harmony of exidus
836,circa infinity
837,cities xxl
838,cities: skylines
839,citizens of earth
840,civilization: beyond earth – rising tide
841,code name: s.t.e.a.m.
842,cogmind
843,the coma: cutting class
844,concrete jungle
845,conker's big reunion
846,contradiction: spot the liar!
847,convoy
848,cradle
849,criminal girls 2: party favors
850,crypt of the necrodancer
851,cube life: island survival
852,curses 'n chaos
853,dan the man
854,danganronpa: unlimited battle
855,daydreamer
856,dead effect 2
857,dead or alive 5 last round
858,dead realm
859,deathtrap
860,destiny: the taken king
861,devil may cry 4: special edition
862,devil's third
863,devilian
864,dex
865,digimon story: cyber sleuth
866,dirt rally
867,dirty bomb
868,disgaea 5
869,disney infinity 3.0
870,dissidia final fantasy nt
871,dominations
872,downwell
873,"dr. langeskov, the tiger, and the terribly cursed emerald: a whirlwind heist"
874,dr. mario: miracle cure
875,dragon age: inquisition – jaws of hakkon
876,dragon age: inquisition – the descent
877,dragon age: inquisition – trespasser
878,dragon ball xenoverse
879,dragon ball z: extreme butōden
880,dragon fin soup
881,dragon mania legends
882,dragon quest heroes: the world tree's woe and the blight below
883,dragon's dogma online
884,dropsy
885,dungeon hunter 5
886,dungeons 2
887,dying light
888,dyscourse
889,eastside hockey manager
890,eden star
891,else heart.break
892,emily wants to play
893,empires & allies
894,empyrion - galactic survival
895,ennuigi
896,environmental station alpha
897,the escapists
898,etrian mystery dungeon
899,everybody's gone to the rapture
900,evoland 2
901,evolve
902,exist archive
903,fallout 4
904,fallout shelter
905,fantasy war tactics
906,fast racing neo
907,fat princess adventures
908,fate/grand order
909,fault milestone two
910,feist
911,fifa 16
912,final fantasy brave exvius
913,final fantasy grandmasters
914,final fantasy dimensions ii
915,final fantasy type-0 hd
916,final fantasy xiv: heavensward
917,fire emblem fates
918,five nights at freddy's 3
919,five nights at freddy's 4
920,flywrench
921,the forgotten city
922,forza motorsport 6
923,fran bow
924,gal gun: double peace
925,galactic civilizations iii
926,galak-z: the dimensional
927,gears of war: ultimate edition
928,ghost blade
929,grand kingdom
930,gravity falls: legend of the gnome gemulets
931,the great ace attorney: adventures
932,grey goo
933,grow home
934,guild of dungeoneering
935,guild wars 2: heart of thorns
936,guitar hero live
937,gunman clive 2
938,guns up!
939,hacknet
940,halo 5: guardians
941,halo: spartan strike
942,hand of fate
943,hard west
944,hatred
945,hegemony iii: clash of the ancients
946,helldivers
947,her story
948,heroes of the storm
949,hitman: sniper
950,honor of kings
951,horizon chase - world tour
952,hot tin roof: the cat that wore a fedora
953,hotline miami 2: wrong number
954,human resource machine
955,huniepop
956,hyper void
957,i am bread
958,ia/vt colorful
959,the idolmaster cinderella girls: starlight stage
960,the idolmaster must songs
961,imperial saga
962,in verbis virtus
963,infinifactory
964,infinite crisis
965,inside my radio
966,"invisible, inc."
967,ironcast
968,ironfall: invasion
969,jojo's bizarre adventure: eyes of heaven
970,jolly jam
971,jotun
972,jurassic world: the game
973,just cause 3
974,just dance 2016
975,just dance: disney party 2
976,keep talking and nobody explodes
977,kerbal space program
978,kick & fennick
979,king of thieves
980,king's quest
981,kingdom
982,kirby and the rainbow curse
983,knights of pen & paper 2
984,krinkle krusher
985,kung fu panda: showdown of legendary legends
986,langrisser re:incarnation tensei
987,lara croft go
988,lara croft: relic run
989,legacy of lunatic kingdom
990,the legend of legacy
991,the legend of sword and fairy 6
992,the legend of zelda: majora's mask 3d
993,the legend of zelda: tri force heroes
994,legends of eisenwald
995,lego dimensions
996,lego jurassic world
997,lego minifigures online
998,lego ninjago: shadow of ronin
999,life is strange
1000,looney tunes galactic sports
1001,lost horizon 2
1002,lost reavers
1003,lovers in a dangerous spacetime
1004,lucius ii: the prophecy
1005,luminous arc infinity
1006,mad max
1007,madden nfl 16
1008,the magic circle
1009,magic duels
1010,magic: the gathering – puzzle quest
1011,magicka 2
1012,maplestory 2
1013,mario & luigi: paper jam
1014,mario party 10
1015,mario tennis: ultra smash
1016,mario vs. donkey kong: tipping stars
1017,marvel: future fight
1018,massive chalice
1019,mayday! deep space
1020,meiq: labyrinth of death
1021,metal gear solid v: the phantom pain
1022,midnight star
1023,might & magic heroes vii
1024,the mighty quest for epic loot
1025,mimpi dreams
1026,minecraft: story mode
1027,mini metro
1028,miracle girls festival
1029,mlb 15: the show
1030,mobile strike
1031,mobile suit gundam: extreme vs force
1032,mobius final fantasy
1033,monster hunter generations
1034,monsterbag
1035,mordheim: city of the damned
1036,mortal kombat mobile
1037,mortal kombat x
1038,motogp 15
1039,mushroom 11
1040,mystery chronicle: one way heroics
1041,mystik belle
1042,n++
1043,nancy drew: sea of darkness
1044,nascar '15
1045,natsuiro high school: seishun hakusho
1046,nba 2k16
1047,nba live 16
1048,need for speed
1049,need for speed: no limits
1050,neon struct
1051,nevermind
1052,nhl 16
1053,nibblers
1054,nights of azure
1055,nitroplus blasterz: heroines infinite duel
1056,not a hero
1057,notthenamewewanted
1058,nova-111
1059,nuclear throne
1060,odallus: the dark call
1061,off-peak
1062,olliolli2: welcome to olliwood
1063,omega labyrinth
1064,one piece: pirate warriors 3
1065,opus: the day we found earth
1066,order of battle: pacific
1067,the order: 1886
1068,ori and the blind forest
1069,otocadoll
1070,overlord: fellowship of evil
1071,overture
1072,pac-man 256
1073,the park
1074,particle mace
1075,party hard
1076,the peanuts movie: snoopy's grand adventure
1077,persona 4: dancing all night
1078,pewdiepie: legend of the brofist
1079,picross 3d: round 2
1080,pillars of eternity
1081,pillars of eternity: the white march
1082,pixel piracy
1083,plague inc: evolved
1084,planetbase
1085,"please, don't touch anything"
1086,pneuma: breath of life
1087,pokémon picross
1088,pokémon rumble world
1089,pokémon shuffle
1090,pokémon super mystery dungeon
1091,pokkén tournament
1092,poncho
1093,portal stories: mel
1094,primal carnage: extinction
1095,prison architect
1096,pro evolution soccer 2016
1097,project cars
1098,project x zone 2
1099,prune
1100,psychedelica of the black butterfly and the ashen hawk
1101,psycho-pass: mandatory happiness
1102,pumped bmx
1103,radiation island
1104,raging loop
1105,tom clancy's rainbow six siege
1106,rare replay
1107,raven's cry
1108,ray gigant
1109,rebel galaxy
1110,resident evil: revelations 2
1111,return to popolocrois
1112,revelation online
1113,rhythm heaven megamix
1114,ride
1115,rise of incarnates
1116,rise of the tomb raider
1117,rock band 4
1118,rocket league
1119,rockets rockets rockets
1120,rodea the sky soldier
1121,ronin
1122,the room three
1123,root rexx
1124,rory mcilroy pga tour
1125,rugby league live 3
1126,rugby world cup 2015
1127,runbow
1128,runestone keeper
1129,sailor moon drops
1130,saint seiya: soldiers' soul
1131,saints row: gat out of hell
1132,salem
1133,satellite reign
1134,sc2vn
1135,screamride
1136,serpent in the staglands
1137,shadowmatic
1138,shadowrun chronicles: boston lockdown
1139,shadowrun: hong kong
1140,shellshock live
1141,skyforge
1142,skylanders: superchargers
1143,skyshine's bedlam
1144,snake rewind
1145,sniper fury
1146,solarix
1147,soma
1148,sonic dreams collection
1149,sonic runners
1150,space marshals
1151,sparkle 3 genesis
1152,spelunker world
1153,spider: rite of the shrouded moon
1154,splatoon
1155,spongebob heropants
1156,squarecells
1157,stairs
1158,star hammer: the vanguard prophecy
1159,star wars battlefront
1160,star wars: uprising
1161,starcraft ii: legacy of the void
1162,stardrive 2
1163,stasis
1164,the static speaks my name
1165,steamworld heist
1166,steins;gate 0
1167,stella glow
1168,steven universe: attack the light
1169,stranded deep
1170,stretchmo
1171,strife
1172,style savvy: fashion forward
1173,subject 13
1174,submerged
1175,sunless sea
1176,sunset
1177,super mario maker
1178,superbeat: xonic
1179,survarium
1180,swing racers
1181,sword art online: lost song
1182,sword coast legends
1183,sylvio
1184,tabletop simulator
1185,tales of zestiria
1186,tearaway unfolded
1187,technobabylon
1188,tekken 7
1189,tembo the badass elephant
1190,temple of yog
1191,thea: the awakening
1192,theatrhythm dragon quest
1193,three fourths home
1194,tis-100
1195,titan souls
1196,tokyo mirage sessions ♯fe
1197,tokyo xanadu
1198,tony hawk's pro skater 5
1199,tormentum – dark sorrow
1200,total war: attila
1201,touchtone
1202,toy soldiers: war chest
1203,train valley
1204,transformers: devastation
1205,trillion: god of destruction
1206,trine 3: the artifacts of power
1207,trove
1208,ty the tasmanian tiger 4
1209,uncharted: the nathan drake collection
1210,underrail
1211,undertale
1212,unkilled
1213,until dawn
1214,urban legend in limbo
1215,utawarerumono: mask of deception
1216,verdun
1217,victor vran
1218,vikings: war of clans
1219,viridi
1220,viscera cleanup detail
1221,volume
1222,the walking dead: road to survival
1223,war dragons
1224,"warhammer 40,000: deathwatch"
1225,"warhammer 40,000: regicide"
1226,warhammer: end times – vermintide
1227,we know the devil
1228,westerado: double barreled
1229,white day: a labyrinth named school
1230,white night
1231,who's your daddy?
1232,the witcher 3: wild hunt
1233,the witcher 3: wild hunt – hearts of stone
1234,the witcher battle arena
1235,wolfenstein: the old blood
1236,wondership q
1237,woolfe: the red hood diaries
1238,world of warships
1239,worms 4
1240,wrc 5
1241,wwe 2k16
1242,xblaze lost: memories
1243,xenoblade chronicles x
1244,yakuza 0
1245,yo-kai watch blasters
1246,yo-kai watch dance: just dance special version
1247,yo-kai watch: wibble wobble
1248,yomawari: night alone
1249,yoshi's woolly world
1250,zodiac: orcanon odyssey
1251,zombie army trilogy
1252,7'scarlet
1253,8-bit armies
1254,8-bit hordes
1255,10 second ninja x
1256,20xx
1257,99vidas
1258,100ft robot golf
1259,1979 revolution: black friday
1260,abzû
1261,accounting
1262,adrift
1263,adventures of mana
1264,agatha christie: the abc murders
1265,akiba's beat
1266,alekhine's gun
1267,alienation
1268,american truck simulator
1269,amplitude
1270,angry birds action!
1271,anima: gate of memories
1272,animation throwdown: the quest for cards
1273,the aquatic adventure of the last human
1274,ara fell
1275,aragami
1276,araya
1277,arena of valor
1278,arizona sunshine
1279,ashes of the singularity
1280,asphalt xtreme
1281,assassin's creed identity
1282,atelier firis: the alchemist and the mysterious journey
1283,atlas reactor
1284,attack on titan
1285,attractio
1286,audioshield
1287,aurion: legacy of the kori-odan
1288,aven colony
1289,azure striker gunvolt 2
1290,baldur's gate: siege of dragonspear
1291,the banner saga 2
1292,batman: arkham vr
1293,batman: the telltale series
1294,the battle of polytopia
1295,battleborn
1296,battlefield 1
1297,battlefleet gothic: armada
1298,battlezone
1299,bear with me
1300,beglitched
1301,beholder
1302,bejeweled stars
1303,berserk and the band of the hawk
1304,bioshock: the collection
1305,bombshell
1306,bound
1307,boxboxboy!
1308,breath of fire 6
1309,brigador
1310,bullet girls 2
1311,the bunker
1312,bus simulator 16
1313,butcher
1314,californium
1315,call of duty: infinite warfare
1316,call of duty: modern warfare remastered
1317,cartoon network: battle crashers
1318,casey powell lacrosse 16
1319,chambara
1320,chameleon run
1321,champions of anteria
1322,chase: cold case investigations - distant memories
1323,chronos
1324,civilization vi
1325,clash royale
1326,the climb
1327,clustertruck
1328,cobalt
1329,collar × malice
1330,cossacks 3
1331,crashlands
1332,creepy castle
1333,crown and council
1334,culdcept revolt
1335,curious expedition
1336,cyber danganronpa vr: the class trial
1337,dance dance revolution a
1338,dangerous golf
1339,dark rose valkyrie
1340,dark souls iii
1341,darkest dungeon
1342,darkmaus
1343,dead by daylight
1344,dead or alive xtreme 3
1345,dead rising 4
1346,deadbolt
1347,the deadly tower of monsters
1348,death road to canada
1349,defunct
1350,demetrios
1351,deponia doomsday
1352,désiré
1353,destiny: rise of iron
1354,detective pikachu
1355,deus ex go
1356,deus ex: mankind divided
1357,devil daggers
1358,diaries of a spaceport janitor
1359,diep.io
1360,digimon world: next order
1361,dishonored 2
1362,disney art academy
1363,disney magic kingdoms
1364,divided we fall
1365,don bradman cricket 17
1366,doom
1367,dragon ball fusions
1368,dragon ball xenoverse 2
1369,dragon quest builders
1370,dragon quest heroes ii
1371,dragon quest monsters: joker 3
1372,ducati: 90th anniversary
1373,duelyst
1374,duke grabowski: mighty swashbuckler!
1375,dungeon souls
1376,duskers
1377,the dwarves
1378,dying light: the following
1379,dynasty warriors: godseekers
1380,ea sports fc mobile
1381,ea sports ufc 2
1382,eagle flight
1383,earthlock
1384,edge of nowhere
1385,edge of twilight
1386,eisenhorn: xenos
1387,enter the gungeon
1388,epistory - typing chronicles
1389,eternal
1390,etrian odyssey v
1391,eve: valkyrie
1392,even the ocean
1393,event 0
1394,everwing
1395,f1 2016
1396,fallout 4: far harbor
1397,fallout 4: nuka-world
1398,fantastic beasts: cases from the wizarding world
1399,fantastic contraption
1400,far cry primal
1401,fate/extella: the umbral star
1402,fernbus simulator
1403,fifa 17
1404,final fantasy xv
1405,final fantasy awakening
1406,the final station
1407,firewatch
1408,five nights at freddy's: sister location
1409,the flame in the flood
1410,fnaf world
1411,forced: showdown
1412,forza horizon 3
1413,fragments of him
1414,frog fractions 2
1415,furi
1416,the gallery
1417,gardenscapes: new acres
1418,gears of war 4
1419,genkai tokki: seven pirates
1420,get 'em
1421,ghost 1.0
1422,ghostbusters
1423,girls' frontline
1424,goes!
1425,goetia
1426,gonner
1427,good robot
1428,"gremlins, inc."
1429,grim dawn
1430,grow up
1431,hackers
1432,hackmud
1433,halcyon 6
1434,hardware: rivals
1435,harmonia
1436,hatsune miku: project diva x
1437,headlander
1438,hearts of iron iv
1439,her majesty's spiffing
1440,heroes & generals
1441,hide & dance!
1442,highway blossoms
1443,hitman
1444,holodance
1445,homefront: the revolution
1446,homeworld: deserts of kharak
1447,honkai impact 3rd
1448,house of the dying sun
1449,hue
1450,human: fall flat
1451,hyper light drifter
1452,i am setsuna
1453,i expect you to die
1454,icey
1455,idol death game tv
1456,the idolmaster platinum stars
1457,infra
1458,inside
1459,into the stars
1460,islands: non-places
1461,ittle dew 2
1462,job simulator
1463,just dance 2017
1464,kathy rain
1465,killing floor 2
1466,the king of fighters xiv
1467,king's raid
1468,kingdom: new lands
1469,kirby: planet robobot
1470,kirigiri sou
1471,the lab
1472,labyrinth of refrain: coven of dusk
1473,landmark
1474,lanota
1475,the last guardian
1476,layers of fear
1477,leap day
1478,lego marvel's avengers
1479,lego star wars: the force awakens
1480,let it die
1481,lethal vr
1482,lethe – episode one
1483,lichtspeer
1484,lineage 2: revolution
1485,the little acre
1486,livelock
1487,liyla and the shadows of war
1488,loop mania
1489,lords mobile
1490,lucky's tale
1491,ludo king
1492,lumines: puzzle & music
1493,lumo
1494,madden nfl 17
1495,mafia iii
1496,manual samuel
1497,mario & sonic at the rio 2016 olympic games
1498,mario party: star rush
1499,mark mcmorris infinite air
1500,marvel avengers academy
1501,mary skelter: nightmares
1502,master of orion: conquer the stars
1503,mekorama
1504,metroid prime: federation force
1505,the metronomicon: slay the dance floor
1506,midnight star: renegade
1507,mighty no. 9
1508,miitopia
1509,mini mario & friends: amiibo challenge
1510,mirror's edge catalyst
1511,mlb the show 16
1512,mobile legends: bang bang
1513,mom hid my game!
1514,momodora: reverie under the moonlight
1515,monster hunter stories
1516,moon hunters
1517,mother russia bleeds
1518,moto racer 4
1519,move or die
1520,mushroom wars 2
1521,my summer car
1522,mystic messenger
1523,naruto shippuden: ultimate ninja storm 4
1524,nascar heat evolution
1525,nba 2k17
1526,necropolis
1527,neon chrome
1528,new retro arcade: neon
1529,nhl 17
1530,nightcry
1531,nightfall: escape
1532,nil admirari no tenbin: teito genwaku kitan
1533,no man's sky
1534,nyoki nyoki: tabidachi hen
1535,obduction
1536,offworld trading company
1537,okhlos
1538,omnibus
1539,one piece: burning blood
1540,oneshot
1541,overcooked
1542,overwatch
1543,owlboy
1544,oxenfree
1545,pac-man championship edition 2
1546,paper mario: color splash
1547,party golf
1548,persona 5
1549,phoenix 2
1550,phoenix wright: ace attorney – spirit of justice
1551,pinout
1552,planet coaster
1553,planet explorers
1554,plants vs. zombies: garden warfare 2
1555,plants vs. zombies heroes
1556,playstation vr worlds
1557,pocket mortys
1558,pokémon duel
1559,pokémon sun and moon
1560,the political machine 2016
1561,pollen
1562,pony island
1563,pridefest
1564,pro evolution soccer 2017
1565,punch club
1566,punch line
1567,puyo puyo chronicle
1568,quadrilateral cowboy
1569,quantum break
1570,raiden v
1571,ratchet & clank
1572,really bad chess
1573,recore
1574,redout
1575,reigns
1576,rigs: mechanized combat league
1577,rive
1578,river city: tokyo rumble
1579,rogue stormers
1580,rollercoaster tycoon classic
1581,rollercoaster tycoon world
1582,romance of the three kingdoms xiii
1583,root letter
1584,rugby challenge 3
1585,rwby: grimm eclipse
1586,saga: scarlet grace
1587,sairento vr
1588,sally face
1589,salt and sanctuary
1590,samorost 3
1591,samurai warriors: spirit of sanada
1592,samutale
1593,sandstorm: pirate wars
1594,scrap garden
1595,sébastien loeb rally evo
1596,senran kagura: estival versus
1597,seum: speedrunners from hell
1598,severed
1599,shadow of the beast
1600,shadow tactics: blades of the shogun
1601,shadow warrior 2
1602,shadowverse
1603,shadwen
1604,shantae: half-genie hero
1605,shardlight
1606,sheltered
1607,shenzhen i/o
1608,sherlock holmes: the devil's daughter
1609,shin megami tensei iv: apocalypse
1610,silence
1611,skylanders: imaginators
1612,slain!
1613,slashy souls
1614,small radios big televisions
1615,soda drinker pro
1616,solforge
1617,solstice
1618,the solus project
1619,song of the deep
1620,sonic boom: fire & ice
1621,soul axiom
1622,soulworker
1623,space hulk: deathwing
1624,speedrunners
1625,star fox guard
1626,star fox zero
1627,star ocean: anamnesis
1628,star ocean: integrity and faithlessness
1629,star trek timelines
1630,starbound
1631,starcraft ii: nova covert ops
1632,stardew valley
1633,steep
1634,stellaris
1635,stephen's sausage roll
1636,stories: the path of destinies
1637,story of seasons: trio of towns
1638,street fighter v
1639,sudden attack 2
1640,summon night 6
1641,super dungeon bros
1642,super mario run
1643,superhot
1644,superhypercube
1645,sword art online: hollow realization
1646,tadpole treble
1647,tahira: echoes of the astral empire
1648,tales
1649,tales of berseria
1650,tank troopers
1651,the technomancer
1652,teenage mutant ninja turtles: mutants in manhattan
1653,tharsis
1654,"that dragon, cancer"
1655,theme park studio
1656,this is the police
1657,thoth
1658,through the woods
1659,thumper
1660,time machine vr
1661,tinker island
1662,titan siege
1663,titanfall 2
1664,tokyo afterschool summoners
1665,tokyo tattoo girls
1666,tom clancy's the division
1667,the tomorrow children
1668,total war: warhammer
1669,toukiden 2
1670,the town of light
1671,toxikk
1672,trackmania turbo
1673,transport fever
1674,trap adventure 2
1675,tree of savior
1676,trials of the blood dragon
1677,tron run/r
1678,tumblestone
1679,the turing test
1680,turmoil
1681,turnon
1682,twofold inc.
1683,tyranny
1684,ultimate chicken horse
1685,umbrella corps
1686,the uncertain: last quiet day
1687,uncharted 4: a thief's end
1688,unravel
1689,until dawn: rush of blood
1690,until i have you
1691,utawarerumono: mask of truth
1692,va-11 hall-a
1693,valentino rossi: the game
1694,valkyrie anatomia
1695,videoball
1696,virginia
1697,voez
1698,the walking dead: michonne
1699,the walking dead: a new frontier
1700,war commander: rogue assault
1701,warbits
1702,"warhammer 40,000: eternal crusade"
1703,watch dogs 2
1704,the way
1705,wayward sky
1706,we are the dwarves
1707,werewolves within
1708,the westport independent
1709,wheels of aurelia
1710,winning putt
1711,the witcher 3: wild hunt – blood and wine
1712,the witness
1713,world of final fantasy
1714,world of warcraft: legion
1715,worms w.m.d
1716,wrc 6
1717,wwe 2k17
1718,xcom 2
1719,yakuza 6: the song of life
1720,yakuza kiwami
1721,yesterday origins
1722,yo-kai sangokushi
1723,yo-kai watch 3
1724,ys viii: lacrimosa of dana
1725,zero time dilemma
1726,1-2-switch
1727,2dark
1728,911 operator
1729,aaero
1730,absolver
1731,accel world vs. sword art online
1732,adopt me!
1733,aer: memories of old
1734,afghanistan '11
1735,afl evolution
1736,agents of mayhem
1737,albion online
1738,all the delicate duplicates
1739,the alliance alive
1740,alwa's awakening
1741,animal crossing: pocket camp
1742,another eden
1743,antihero
1744,aporia: beyond the valley
1745,arcaea
1746,argo
1747,arkanoid vs. space invaders
1748,arms
1749,ashes cricket
1750,assassin's creed origins
1751,astro duel deluxe
1752,atelier lydie & suelle: the alchemists and the mysterious paintings
1753,atomega
1754,attentat 1942
1755,bang dream! girls band party!
1756,batman: the enemy within
1757,battle bay
1758,battle brothers
1759,battle chef brigade
1760,battlerite
1761,battlestar galactica deadlock
1762,bendy and the ink machine
1763,birthdays the beginning
1764,bit city
1765,black mirror
1766,black the fall
1767,blackwood crossing
1768,blaster master zero
1769,blitzkrieg 3
1770,block'hood
1771,bomber crew
1772,boost beast
1773,brawl stars
1774,brawlhalla
1775,brawlout
1776,bridge constructor portal
1777,bubsy: the woolies strike back
1778,bucket detective
1779,bud spencer & terence hill: slaps and beans
1780,bundesfighter ii turbo
1781,bush hockey league
1782,bye-bye boxboy!
1783,call of duty: wwii
1784,candleman
1785,car mechanic simulator 2018
1786,cars 3: driven to win
1787,castle story
1788,cat quest
1789,caveblazers
1790,chaos;child love chu chu!!
1791,chess ultra
1792,clone drone in the danger zone
1793,clone hero
1794,cobalt wasd
1795,cold waters
1796,conarium
1797,"cook, serve, delicious! 2"
1798,cosmic star heroine
1799,crash bandicoot n. sane trilogy
1800,crawl
1801,creeping terror
1802,crossout
1803,cruis'n blast
1804,cryptark
1805,the culling
1806,cuphead
1807,cyberdimension neptunia: 4 goddesses online
1808,dancing ballz
1809,danganronpa v3: killing harmony
1810,danger zone
1811,dark witch music episode: rudymical
1812,darkwood
1813,day of infamy
1814,de mambo
1815,death squared
1816,deformers
1817,destiny 2
1818,detention
1819,diablo iii: rise of the necromancer
1820,digimon story: cyber sleuth – hacker's memory
1821,dirt 4
1822,disc jam
1823,dishonored: death of the outsider
1824,the disney afternoon collection
1825,distrust
1826,divinity: original sin ii
1827,djmax respect
1828,doki doki literature club!
1829,dominions 5: warriors of the faith
1830,don't knock twice
1831,double dragon iv
1832,dragon quest xi
1833,drawn to death
1834,dream daddy: a dad dating simulator
1835,dropmix
1836,drunk or dead
1837,dungeons 3
1838,earth atlantis
1839,earth defense force 5
1840,echo
1841,the elder scrolls: legends
1842,elex
1843,emily is away too
1844,the end is nigh
1845,endless space 2
1846,engare
1847,the escapists 2
1848,ever oasis
1849,everspace
1850,everybody's golf
1851,everything
1852,the evil within 2
1853,exile election
1854,expeditions: viking
1855,f1 2017
1856,faeria
1857,faith: the unholy trinity
1858,faraway: puzzle escape
1859,farpoint
1860,fast rmx
1861,fifa 18
1862,fight of gods
1863,final fantasy xiv: stormblood
1864,final fantasy xv: a new empire
1865,finding paradise
1866,fire emblem echoes: shadows of valentia
1867,fire emblem heroes
1868,fire emblem warriors
1869,fire pro wrestling world
1870,flatout 4: total insanity
1871,flinthook
1872,flip wars
1873,flying tigers: shadows over china
1874,for honor
1875,fortnite battle royale
1876,forts
1877,forza motorsport 7
1878,fractured minds
1879,the franz kafka videogame
1880,freddy fazbear's pizzeria simulator
1881,free fire
1882,freeways
1883,friday the 13th: the game
1884,futurama: worlds of tomorrow
1885,gang beasts
1886,gear.club unlimited
1887,get even
1888,ghost in the shell: stand alone complex - first assault online
1889,gigantic
1890,gnog
1891,go! go! kokopolo 3d: space recipe for disaster
1892,god wars: future past
1893,the golf club 2
1894,golf story
1895,gorogoa
1896,graceful explosion machine
1897,gran turismo sport
1898,granny
1899,gravity rush 2
1900,the great ace attorney 2: resolve
1901,grimoire: heralds of the winged exemplar
1902,guardians of the galaxy: the telltale series
1903,guild wars 2: path of fire
1904,guns of boom
1905,hakoniwa company works
1906,half-life: c.a.g.e.d.
1907,halo wars 2
1908,harvest moon: light of hope
1909,has-been heroes
1910,a hat in time
1911,heat signature
1912,hellblade: senua's sacrifice
1913,hello neighbor
1914,hey! pikmin
1915,hidden agenda
1916,hob
1917,hollow knight
1918,home sweet home
1919,homescapes
1920,horizon zero dawn
1921,the house of da vinci
1922,i and me
1923,the infectious madness of doctor dekker
1924,injustice 2
1925,into the dead 2
1926,jake hunter detective story: ghost of the dusk
1927,jojo's bizarre adventure: diamond records
1928,juanito arcade mayhem
1929,just dance 2018
1930,kamiko
1931,ken follett's the pillars of the earth
1932,kimi ga shine -tasūketsu death game-
1933,kingdom hearts hd 2.8 final chapter prologue
1934,kingsway
1935,kirby battle royale
1936,knack ii
1937,knee deep
1938,knowledge is power
1939,kona
1940,kyoei toshi
1941,last day of june
1942,late shift
1943,lawbreakers
1944,layton's mystery journey
1945,leaving lyndow
1946,the legend of heroes: trails of cold steel iii
1947,the legend of zelda: breath of the wild
1948,lego marvel super heroes 2
1949,the lego ninjago movie video game
1950,lego worlds
1951,life is strange: before the storm
1952,little nightmares
1953,little red lie
1954,lone echo
1955,the long dark
1956,the long journey home
1957,loot rascals
1958,the lord of the rings online: mordor
1959,the lost child
1960,lost sphear
1961,lupinball
1962,madden nfl 18
1963,the mage's tale
1964,mages of mystralia
1965,mainlining
1966,mario + rabbids kingdom battle
1967,mario kart 8 deluxe
1968,mario party: the top 100
1969,mario sports superstars
1970,marvel vs. capcom: infinite
1971,mass effect: andromeda
1972,matterfall
1973,mega man legacy collection 2
1974,metroid: samus returns
1975,micro machines world series
1976,middle-earth: shadow of war
1977,mighty morphin power rangers: mega battle
1978,mirage: arcane warfare
1979,mlb the show 17
1980,monster of the deep: final fantasy xv
1981,monument valley 2
1982,the mooseman
1983,a mortician's tale
1984,motogp 17
1985,mr. shifty
1986,mudrunner
1987,the mummy demastered
1988,nascar heat 2
1989,nba 2k18
1990,nba live 18
1991,nba playgrounds
1992,need for speed payback
1993,nex machina
1994,nhl 18
1995,nidhogg 2
1996,nier: automata
1997,night in the woods
1998,nine parchments
1999,nioh
2000,a normal lost phone
2001,observer
2002,opus magnum
2003,opus: rocket of whispers
2004,orcs must die! unchained
2005,oriental empires
2006,our world is ended
2007,outlast 2
2008,overgrowth
2009,p.a.m.e.l.a.
2010,pako 2
2011,part time ufo
2012,perception
2013,pinball fx 3
2014,pinstripe
2015,planet of the apes: last frontier
2016,poi
2017,pokémon ultra sun and ultra moon
2018,pokkén tournament dx
2019,polybius
2020,poochy & yoshi's woolly world
2021,portal knights
2022,postknight
2023,power rangers: legacy wars
2024,prey
2025,project cars 2
2026,psychonauts in the rhombus of ruin
2027,pubg: battlegrounds
2028,puzzle fighter
2029,puzzle puppers
2030,pyre
2031,raid: world war ii
2032,rain world
2033,rakuen
2034,rangi
2035,redeemer
2036,reigns: her majesty
2037,resident evil 7: biohazard
2038,rick and morty: virtual rick-ality
2039,rime
2040,rising storm 2: vietnam
2041,road rage
2042,road redemption
2043,robbie swifthand and the orb of mysteries
2044,robocraft
2045,robonauts
2046,rock of ages 2: bigger & boulder
2047,rugby league live 4
2048,ruiner
2049,scanner sombre
2050,school girl/zombie hunter
2051,senran kagura: peach beach splash
2052,serial cleaner
2053,serious sam vr: the last hope
2054,serious sam's bogus detour
2055,the sexy brutale
2056,shovel knight: specter of torment
2057,the shrouded isle
2058,the signal from tölva
2059,simulacra
2060,sinoalice
2061,skylar & plux: adventure on clover island
2062,slime rancher
2063,snake pass
2064,sniper elite 4
2065,sniper ghost warrior 3
2066,snipperclips
2067,"soldam: drop, connect, erase"
2068,songbringer
2069,sonic forces
2070,sonic mania
2071,sonic runners adventure
2072,south park: phone destroyer
2073,south park: the fractured but whole
2074,spacelords
2075,spark the electric jester
2076,spellforce 3
2077,spirit hunter: death mark
2078,splatoon 2
2079,standoff 2
2080,star fox 2
2081,star trek: bridge crew
2082,star wars battlefront ii
2083,starcraft: remastered
2084,starcrawlers
2085,starpoint gemini warlords
2086,stars in shadow
2087,stash: no loot left behind
2088,steamworld dig 2
2089,steel division: normandy 44
2090,steven universe: save the light
2091,stories untold
2092,strafe
2093,style savvy: styling star
2094,styx: shards of darkness
2095,subsurface circular
2096,sudden strike 4
2097,sundered
2098,super blood hockey
2099,super bomberman r
2100,super hydorah
2101,super lucky's tale
2102,super mario odyssey
2103,super robot wars v
2104,supreme ruler the great war
2105,the surge
2106,syberia 3
2107,tacoma
2108,take on mars
2109,tanki x
2110,team kirby clash deluxe
2111,terminator genisys: future war
2112,that's you!
2113,the first tree
2114,the forest quartet
2115,the norwood suite
2116,thimbleweed park
2117,titanfall: assault
2118,tokyo 42
2119,tokyo dark
2120,tom clancy's ghost recon wildlands
2121,tooth and tail
2122,torment: tides of numenera
2123,total war: warhammer ii
2124,travel frog
2125,troll and i
2126,tumbleseed
2127,typeshift
2128,ultimate epic battle simulator
2129,ultra street fighter ii: the final challengers
2130,uncharted: the lost legacy
2131,unexplored
2132,unforgiving: a northern hymn
2133,unholy night: the darkness hunter
2134,use your words
2135,valkyria revolution
2136,vikings: wolves of midgard
2137,"viktor, a steampunk adventure"
2138,vr kanojo
2139,vroom in the night sky
2140,"walden, a game"
2141,the wardrobe
2142,warfriends
2143,"warhammer 40,000: dawn of war iii"
2144,"warhammer 40,000: sanctus reach"
2145,warriors all-stars
2146,west of loathing
2147,what remains of edith finch
2148,wilson's heart
2149,wipeout omega collection
2150,the witch and the hundred knight 2
2151,wolfenstein ii: the new colossus
2152,wonder boy: the dragon's trap
2153,world of darkness preludes: vampire and mage
2154,wrc 7
2155,wwe 2k18
2156,xcom 2: war of the chosen
2157,xenoblade chronicles 2
2158,xing: the land beyond
2159,yakuza kiwami 2
2160,yo-kai watch busters 2: secret of the legendary treasure bambalaya
2161,yomawari: midnight shadows
2162,yonder: the cloud catcher chronicles
2163,yooka-laylee
2164,youtubers life
2165,7 billion humans
2166,11-11: memories retold
2167,a case of distrust
2168,abandon ship
2169,achtung! cthulhu tactics
2170,adventure time: pirates of the enchiridion
2171,aegis defenders
2172,agony
2173,airport simulator 2019
2174,all walls must fall
2175,alto's odyssey
2176,among us
2177,ancestors legacy
2178,antigraviator
2179,ao tennis
2180,apocalipsis
2181,ark park
2182,armored brigade
2183,artifact
2184,ash of gods: redemption
2185,ashen
2186,asphalt 9: legends
2187,assassin's creed odyssey
2188,assassin's creed odyssey – legacy of the first blade
2189,astro bot rescue mission
2190,attack on titan 2
2191,the awesome adventures of captain spirit
2192,baldi's basics in education and learning
2193,the bard's tale iv: barrows deep
2194,basingstoke
2195,battlefield v
2196,battletech
2197,below
2198,big bash boom
2199,blade and sorcery
2200,blade strangers
2201,blazblue: cross tag battle
2202,bloodstained: curse of the moon
2203,bloons td 6
2204,bomb chicken
2205,book of demons
2206,boundless
2207,brave frontier 2
2208,bravo team
2209,breach
2210,budget cuts
2211,bus simulator 18
2212,call of cthulhu
2213,call of duty: black ops 4
2214,capcom beat 'em up bundle
2215,celeste
2216,chasm
2217,chinese parents
2218,chuchel
2219,city of brass
2220,civilization vi: rise and fall
2221,claws of furry
2222,closed nightmare
2223,cold iron
2224,command & conquer: rivals
2225,conan exiles
2226,cosmic top secret
2227,the council
2228,crayola scoot
2229,creed: rise to glory
2230,crest
2231,the crew 2
2232,crisis on the planet of the apes vr
2233,crosscode
2234,crossing souls
2235,crusader kings ii: holy fury
2236,crying is not enough
2237,crystar
2238,cultist simulator
2239,dakar 18
2240,dandara
2241,darksiders iii
2242,darwin project
2243,dayz
2244,dead cells
2245,dead in vinland
2246,deathgarden
2247,deep sky derelicts
2248,deliver us the moon
2249,deltarune
2250,déraciné
2251,destiny 2: forsaken
2252,detroit: become human
2253,dillon's dead-heat breakers
2254,disaster report 4 plus: summer memories
2255,dissidia final fantasy opera omnia
2256,do not feed the monkeys
2257,donut county
2258,dragalia lost
2259,dragon ball fighterz
2260,dragon quest builders 2
2261,dragon star varnir
2262,dusk
2263,dynasty warriors 9
2264,ea sports fc online
2265,ea sports ufc 3
2266,earthfall
2267,eco
2268,eden rising: supremacy
2269,empires apart
2270,etrian odyssey nexus
2271,f1 2018
2272,fallout 76
2273,far cry 5
2274,far: lone sails
2275,fe
2276,fear & hunger
2277,fear effect sedna
2278,fifa 19
2279,fighting ex layer
2280,final fantasy xv: pocket edition
2281,firewall: zero hour
2282,fishing: barents sea
2283,fist of the north star: lost paradise
2284,fitness boxing
2285,florence
2286,"football, tactics & glory"
2287,for the king
2288,the forest
2289,forgotton anne
2290,fortnite creative
2291,forza horizon 4
2292,fox n forests
2293,friday the 13th: killer puzzle
2294,frostpunk
2295,frozen synapse 2
2296,full metal furies
2297,the gardens between
2298,gear.club unlimited 2
2299,genital jousting
2300,ghost of a tale
2301,god eater 3
2302,god of war
2303,golem
2304,the golf club 2019 featuring pga tour
2305,golf club: wasteland
2306,golf peaks
2307,graveyard keeper
2308,gray dawn
2309,grip: combat racing
2310,gris
2311,guacamelee! 2
2312,guts and glory
2313,gwent: the witcher card game
2314,harry potter: hogwarts mystery
2315,heaven will be mine
2316,heavy metal machines
2317,hello neighbor hide & seek
2318,hero-u: rogue to redemption
2319,hitman 2
2320,house flipper
2321,house of the dead: scarlet dawn
2322,hunt down the freeman
2323,i hate running backwards
2324,iconoclasts
2325,identity v
2326,immortal: unchained
2327,indie pogo
2328,inked
2329,innerspace
2330,the inpatient
2331,insane robots
2332,inscryption
2333,insurgency: sandstorm
2334,into the breach
2335,islands of nyne
2336,jagged alliance: rage!
2337,jojo's pitter patter pop!
2338,judgment
2339,judgment: apocalypse survival simulation
2340,juicy realm
2341,jurassic world evolution
2342,just cause 4
2343,just dance 2019
2344,just shapes & beats
2345,kenshi
2346,the king of fighters all star
2347,the king's bird
2348,kingdom come: deliverance
2349,kingdom two crowns
2350,kirby star allies
2351,kukulu
2352,laser league
2353,last year
2354,layers of fear 2
2355,the legend of heroes: trails of cold steel iv
2356,legendary gary
2357,lego dc super-villains
2358,lego the incredibles
2359,legrand legacy
2360,leisure suit larry: wet dreams don't dry
2361,the liar princess and the blind prince
2362,life is strange 2
2363,little friends: dogs & cats
2364,the lost legends of redwall
2365,lust for darkness
2366,madden nfl 19
2367,mario tennis aces
2368,marvel strike force
2369,masters of anima
2370,mega man 11
2371,mega man x legacy collection
2372,mega man x legacy collection 2
2373,megaquarium
2374,mercenaries saga chronicles
2375,the messenger
2376,metal gear survive
2377,metal max xeno
2378,midair
2379,minit
2380,the missing: j.j. macfield and the island of memories
2381,mlb the show 18
2382,monster boy and the cursed kingdom
2383,monster energy supercross: the official videogame
2384,monster hunter: world
2385,monster prom
2386,moonlighter
2387,moss
2388,mothergunship
2389,motogp 18
2390,muse dash
2391,mutant year zero: road to eden
2392,my child lebensborn
2393,my hero one's justice
2394,nairi: tower of shirin
2395,nascar heat 3
2396,nba 2k mobile
2397,nba 2k playgrounds 2
2398,nba 2k19
2399,nba live 19
2400,neosvr
2401,the new york times spelling bee
2402,next up hero
2403,nhl 19
2404,ni no kuni ii: revenant kingdom
2405,nickelodeon kart racers
2406,nippon marathon
2407,not tonight
2408,octopath traveler
2409,ok k.o.! let's play heroes
2410,omensight
2411,one hour one life
2412,one piece bounty rush
2413,onrush
2414,overcooked 2
2415,overkill's the walking dead
2416,override: mech city brawl
2417,paladins
2418,paratopic
2419,parkitect
2420,pathfinder: kingmaker
2421,paw patrol: on a roll
2422,the persistence
2423,persona 3: dancing in moonlight and persona 5: dancing in starlight
2424,persona 5: dancing in starlight
2425,persona q2: new cinema labyrinth
2426,phantom doctrine
2427,pillars of eternity ii: deadfire
2428,pit people
2429,pode
2430,pokémon quest
2431,"pokémon: let's go, pikachu! and let's go, eevee!"
2432,post scriptum
2433,the princess guide
2434,pro evolution soccer 2019
2435,prodigy tactics
2436,project warlock
2437,pubg mobile
2438,puyo puyo champions
2439,quarantine circular
2440,the quiet man
2441,raft
2442,rage in peace
2443,railway empire
2444,reader rabbit: jumpsmarter
2445,red dead redemption 2
2446,red matter
2447,the red strings club
2448,reigns: game of thrones
2449,remnants of naezith
2450,remothered: tormented fathers
2451,return of the obra dinn
2452,rimworld
2453,ring of elysium
2454,rolling line
2455,the room: old sins
2456,rules of survival
2457,runner3
2458,russian fishing 4
2459,rust
2460,samsara
2461,scribblenauts showdown
2462,the scroll of taiwu
2463,sea of thieves
2464,sega heroes
2465,shadow of the colossus
2466,shadow of the tomb raider
2467,shadowgun legends
2468,the shapeshifting detective
2469,shaq fu: a legend reborn
2470,shining resonance refrain
2471,shroud of the avatar: forsaken virtues
2472,the sims mobile
2473,sinner: sacrifice for redemption
2474,six ages: ride like the wind
2475,snk heroines: tag team frenzy
2476,soccer slammers
2477,socks the cat rocks the hill
2478,soulcalibur vi
2479,space hulk: tactics
2480,the spectrum retreat
2481,spider-man
2482,spider-man: the city that never sleeps
2483,spirit hunter: ng
2484,spyro reignited trilogy
2485,star control: origins
2486,star traders: frontiers
2487,starlink: battle for atlas
2488,state of decay 2
2489,state of mind
2490,steins;gate elite
2491,stonehearth
2492,stormworks: build and rescue
2493,strange brigade
2494,street fighter 30th anniversary collection
2495,subnautica
2496,summer pockets
2497,super mario party
2498,super neptunia rpg
2499,super smash bros. ultimate
2500,surviving mars
2501,sushi striker: the way of sushido
2502,sword art online: fatal bullet
2503,the swords of ditto
2504,taiko no tatsujin: drum 'n' fun!
2505,tanglewood
2506,tekken mobile
2507,tennis world tour
2508,terratech
2509,tesla vs lovecraft
2510,tetris effect
2511,the hex
2512,thief simulator
2513,this is the police 2
2514,thronebreaker: the witcher tales
2515,timespinner
2516,tony hawk's skate jam
2517,total war saga: thrones of britannia
2518,total war: arena
2519,totally accurate battlegrounds
2520,touhou luna nights
2521,tourist bus simulator
2522,trailblazers
2523,train valley 2
2524,transference
2525,treadnauts
2526,user:turtlwikier/sandbox
2527,two point hospital
2528,ultimate custom night
2529,unavowed
2530,underworld ascendant
2531,unforeseen incidents
2532,unravel two
2533,v-rally 4
2534,valkyria chronicles 4
2535,vampyr
2536,the walking dead: the final season
2537,wandersong
2538,"warhammer 40,000: inquisitor – martyr"
2539,"warhammer 40,000: gladius – relics of war"
2540,"warhammer 40,000: mechanicus"
2541,warhammer: vermintide 2
2542,warioware gold
2543,warriors orochi 4
2544,a way out
2545,we happy few
2546,where the water tastes like wine
2547,wizard of legend
2548,world end syndrome
2549,world of warcraft: battle for azeroth
2550,wreckfest
2551,wwe 2k19
2552,x4: foundations
2553,xenoblade chronicles 2: torna – the golden country
2554,yoku's island express
2555,yorite konoha wa kurenai ni
2556,yume nikki: dream diary
2557,z1 battle royale
2558,zanki zero: last beginning
2559,zeroranger
2560,13 sentinels: aegis rim
2561,198x
2562,ace angler
2563,ace combat 7: skies unknown
2564,action taimanin
2565,afterparty
2566,age of empires ii: definitive edition
2567,age of wonders: planetfall
2568,ai: the somnium files
2569,american fugitive
2570,amid evil
2571,ancestors: the humankind odyssey
2572,anno 1800
2573,anodyne 2: return to dust
2574,anthem
2575,ape out
2576,aperture hand lab
2577,apex legends
2578,arida: backland's awakening
2579,arise: a simple story
2580,art sqool
2581,asgard's wrath
2582,assetto corsa competizione
2583,astral chain
2584,astroneer
2585,at the gates
2586,atelier lulua: the scion of arland
2587,atelier ryza: ever darkness & the secret hideout
2588,avicii invector
2589,away: journey to the unexpected
2590,baba is you
2591,bail or jail
2592,battalion 1944
2593,battlefleet gothic: armada 2
2594,beat saber
2595,blacksad: under the skin
2596,blair witch
2597,blasphemous
2598,blaster master zero 2
2599,blazing chrome
2600,bleak sword
2601,blood & truth
2602,bloodstained: ritual of the night
2603,boneworks
2604,borderlands 3
2605,bouncy bullets
2606,boxboy! + boxgirl!
2607,bright memory
2608,bts world
2609,bubsy: paws on fire!
2610,bug fables: the everlasting sapling
2611,cadence of hyrule
2612,call of duty: mobile
2613,call of duty: modern warfare
2614,cat quest ii
2615,children of morta
2616,the church in the darkness
2617,ciconia when they cry
2618,civilization vi: gathering storm
2619,close to the sun
2620,code vein
2621,concrete genie
2622,conqueror's blade
2623,contra: rogue corps
2624,control
2625,cooking simulator
2626,crackdown 3
2627,crash team racing nitro-fueled
2628,cricket 19
2629,crsed: f.o.a.d.
2630,crying suns
2631,crystal crisis
2632,cube world
2633,cyber hunter
2634,da capo 4
2635,daemon x machina
2636,dance dance revolution a20
2637,dangerous driving
2638,darius cozmic collection
2639,dark devotion
2640,the dark pictures anthology: man of medan
2641,darksiders genesis
2642,darq
2643,dauntless
2644,dawn of man
2645,daymare: 1998
2646,days gone
2647,dead or alive 6
2648,death end request
2649,death stranding
2650,degrees of separation
2651,demon's tilt
2652,descenders
2653,desolate
2654,destiny 2: shadowkeep
2655,devil may cry 5
2656,devolver bootleg
2657,devotion
2658,dicey dungeons
2659,dirt rally 2.0
2660,disco elysium
2661,disgaea rpg
2662,disney tsum tsum festival
2663,dr kawashima's brain training for nintendo switch
2664,don't escape: 4 days to survive
2665,doraemon story of seasons
2666,double cross
2667,dr. mario world
2668,draugen
2669,druidstone
2670,dry drowning
2671,dusk diver
2672,dustnet
2673,earth defense force: iron rain
2674,eastshade
2675,efootball pes 2020
2676,eliza
2677,elsinore
2678,erica
2679,the eternal castle remastered
2680,exception
2681,f1 2019
2682,f1 clash
2683,fade to silence
2684,fantasy strike
2685,far cry new dawn
2686,felix the reaper
2687,fell seal: arbiter's mark
2688,feudal alloy
2689,fifa 20
2690,final fantasy xiv: shadowbringers
2691,fire emblem: three houses
2692,a fisherman's tale
2693,five nights at freddy's: help wanted
2694,five nights at freddy's: special delivery
2695,football manager 2020
2696,forager
2697,freedom finger
2698,gato roboto
2699,gears 5
2700,gears pop!
2701,generation zero
2702,gensou skydrift
2703,ghost giant
2704,gibbous - a cthulhu adventure
2705,gnosia
2706,gorn
2707,the grand tour game
2708,greedfall
2709,green hell
2710,grid
2711,grimm's hollow
2712,grindstone
2713,gylt
2714,harry potter: wizards unite
2715,heart of the woods
2716,heave ho
2717,heaven's vault
2718,the hong kong massacre
2719,horace
2720,hot lava
2721,hunt: showdown
2722,hyperparasite
2723,hypnospace outlaw
2724,ice age: scrat's nutty adventure
2725,imperator: rome
2726,indian air force: a cut above
2727,indivisible
2728,inmost
2729,ion fury
2730,islanders
2731,john wick hex
2732,jump force
2733,just dance 2020
2734,katana zero
2735,kill la kill: if
2736,kingdom hearts iii
2737,kingdom under fire ii
2738,knights and bikes
2739,left alive
2740,the legend of bum-bo
2741,the legend of zelda: link's awakening
2742,lego brawls
2743,lego builder's journey
2744,the lego movie 2 videogame
2745,little big workshop
2746,little misfortune
2747,little town hero
2748,lonely mountains: downhill
2749,the lord of the rings online: minas morgul
2750,lost ark
2751,lost ember
2752,lovecraft's untold stories
2753,luigi's mansion 3
2754,m.a.s.s. builder
2755,madden nfl 20
2756,mage's initiation: reign of the elements
2757,magic: the gathering arena
2758,mario & sonic at the olympic games tokyo 2020
2759,mario kart tour
2760,marvel super war
2761,marvel ultimate alliance 3: the black order
2762,maximum football 2019
2763,mechwarrior 5: mercenaries
2764,medievil
2765,metro exodus
2766,micro mages
2767,minecraft earth
2768,minoria
2769,missed messages
2770,mistover
2771,mlb the show 19
2772,monolisk
2773,monster hunter world: iceborne
2774,mordhau
2775,mortal kombat 11
2776,mutazione
2777,my friend pedro
2778,my time at portia
2779,nancy drew: midnight in salem
2780,nascar heat 4
2781,nba 2k20
2782,need for speed heat
2783,neo cab
2784,never give up
2785,new super lucky's tale
2786,nhl 20
2787,ninja tag team: slash n' dash
2788,nowhere prophet
2789,observation
2790,the occupation
2791,oceanhorn 2: knights of the lost realm
2792,ohshape
2793,olympic games tokyo 2020 - the official video game
2794,one piece: world seeker
2795,oninaki
2796,outer wilds
2797,the outer worlds
2798,outlanders
2799,outward
2800,overland
2801,oxygen not included
2802,pathologic 2
2803,pathway
2804,pc building simulator
2805,phoenix point
2806,photographs
2807,pikuniku
2808,pilgrims
2809,pine
2810,a plague tale: innocence
2811,planet zoo
2812,planetside arena
2813,plants vs. zombies: battle for neighborville
2814,pokémon masters ex
2815,pokémon rumble rush
2816,pokémon sword and shield
2817,police stories
2818,power rangers: battle for the grid
2819,pretty princess party
2820,punishing: gray raven
2821,queen's wish: the conqueror
2822,rad
2823,rage 2
2824,rayman mini
2825,rebel galaxy outlaw
2826,red dead online
2827,remnant: from the ashes
2828,resident evil 2
2829,reventure
2830,ring fit adventure
2831,riot
2832,rise of industry
2833,rise to ruins
2834,river city girls
2835,robotics;notes dash
2836,sakura wars
2837,samurai shodown
2838,sayonara wild hearts
2839,sea of solitude
2840,secret neighbor
2841,sekiro: shadows die twice
2842,shakedown: hawaii
2843,shantae and the seven sirens
2844,she sees red
2845,shenmue iii
2846,shinsekai: into the depths
2847,siege of centauri
2848,the sinking city
2849,sky
2850,sky racket
2851,slay the spire
2852,sneaky sasquatch
2853,sniper ghost warrior contracts
2854,snooker 19
2855,snow
2856,space engineers
2857,spark the electric jester 2
2858,spellforce 3: soul harvest
2859,star wars jedi: fallen order
2860,steamworld quest
2861,steel division 2
2862,stela
2863,steven universe: unleash the light
2864,still there
2865,the stillness of the wind
2866,stormland
2867,stranger things 3: the game
2868,streets of rogue
2869,the stretchers
2870,stygian: reign of the old ones
2871,sunless skies
2872,super mario maker 2
2873,super robot wars t
2874,superliminal
2875,supraland
2876,the surge 2
2877,table of tales: the crooked crown
2878,team sonic racing
2879,teamfight tactics
2880,telling lies
2881,teppen
2882,terminator: resistance
2883,tetris 99
2884,the textorcist: the story of ray bibbia
2885,thea 2: the shattering
2886,they are billions
2887,time stall
2888,toejam & earl: back in the groove
2889,tokyo ghoul: re call to exist
2890,tom clancy's ghost recon breakpoint
2891,tom clancy's the division 2
2892,tools up!
2893,total war: three kingdoms
2894,the touryst
2895,tracks – the train set game
2896,trailmakers
2897,transport fever 2
2898,travis strikes again: no more heroes
2899,trials rising
2900,trine 4: the nightmare prince
2901,tropico 6
2902,trover saves the universe
2903,twitch sings
2904,ultracore
2905,the under presents
2906,unity of command ii
2907,unruly heroes
2908,untitled goose game
2909,valfaris
2910,vambrace: cold soul
2911,vampire: the masquerade – coteries of new york
2912,vane
2913,various daylife
2914,vigor
2915,void bastards
2916,wacca
2917,wanderlust travel stories
2918,wargroove
2919,warhammer: chaosbane
2920,warsaw
2921,wattam
2922,what the golf
2923,when ski lifts go wrong
2924,whispers of a machine
2925,the wild eight
2926,wilmot's warehouse
2927,wily beast and weakest creature
2928,wintermoor tactics club
2929,wolfenstein: cyberpilot
2930,wolfenstein: youngblood
2931,the world next door
2932,world of warcraft classic
2933,world war z
2934,wrc 8
2935,wwe 2k20
2936,xeno crisis
2937,xenon racer
2938,yiik: a postmodern rpg
2939,ylands
2940,yo-kai watch 4
2941,yooka-laylee and the impossible lair
2942,yoshi's crafted world
2943,ys ix: monstrum nox
2944,zombieland: double tap – road trip
2945,9 monkeys of shaolin
2946,age of empires iii: definitive edition
2947,airborne kingdom
2948,alba: a wildlife adventure
2949,alwa's legacy
2950,amazing cultivation simulator
2951,amnesia: rebirth
2952,animal crossing: new horizons
2953,ao tennis 2
2954,art of rally
2955,ary and the secret of seasons
2956,assassin's creed valhalla
2957,astro's playroom
2958,atelier ryza 2: lost legends & the secret fairy
2959,automobilista 2
2960,badiya
2961,battletoads
2962,beautiful desolation
2963,before i forget
2964,before we leave
2965,the benza rpg
2966,besiege
2967,beyond a steel sky
2968,beyond blue
2969,bite the bullet
2970,black mesa
2971,bleeding edge
2972,bless unleashed
2973,bloodstained: curse of the moon 2
2974,bokuhime project
2975,boomerang fu
2976,bpm: bullets per minute
2977,brigandine: the legend of runersia
2978,bugsnax
2979,cake bash
2980,calico
2981,call of duty: black ops cold war
2982,call of duty: warzone
2983,call of the sea
2984,cannibal cuisine
2985,captain tsubasa: rise of new champions
2986,carrion
2987,carto
2988,chicken police: paint it red!
2989,cloudpunk
2990,clubhouse games: 51 worldwide classics
2991,cobra kai: the karate kid saga continues
2992,coffee talk
2993,command & conquer remastered collection
2994,conglomerate 451
2995,"cook, serve, delicious! 3"
2996,cooking mama: cookstar
2997,corruption 2029
2998,crash bandicoot 4: it's about time
2999,creaks
3000,crucible
3001,crusader kings iii
3002,cyberpunk 2077
3003,the dark eye: book of heroes
3004,dark nights with poe and munro
3005,the dark pictures anthology: little hope
3006,deadly premonition 2: a blessing in disguise
3007,death and taxes
3008,death come true
3009,death end request 2
3010,deep rock galactic
3011,demon's souls
3012,desperados iii
3013,destiny 2: beyond light
3014,destroy all humans!
3015,dirt 5
3016,disc room
3017,disintegration
3018,disney twisted-wonderland
3019,dohna dohna
3020,doom eternal
3021,dota underlords
3022,double kick heroes
3023,dragon ball z: kakarot
3024,drake hollow
3025,drawn to life: two realms
3026,dreams
3027,ea sports ufc 4
3028,the elder scrolls: blades
3029,elyon
3030,empire of sin
3031,eternal return
3032,f1 2020
3033,factorio
3034,fairy tail
3035,the falconeer
3036,fall guys
3037,fast & furious crossroads
3038,fatum betula
3039,fifa 21
3040,final fantasy vii remake
3041,fitness boxing 2: rhythm and exercise
3042,floor 13: deep state
3043,football manager 2021
3044,fortnite: save the world
3045,fuser
3046,g.i. joe: operation blackout
3047,game & watch: super mario bros.
3048,gears 5: hivebusters
3049,gears tactics
3050,genshin impact
3051,gensō rōgoku no kaleidoscope
3052,gg aleste 3
3053,ghost of tsushima
3054,ghostrunner
3055,giraffe and annika
3056,godfall
3057,going under
3058,golf with your friends
3059,good job!
3060,granblue fantasy versus
3061,guardian tales
3062,h-hour: world's elite
3063,hades
3064,half-life: alyx
3065,hatsune miku: colorful stage!
3066,haven
3067,hellpoint
3068,helltaker
3069,holovista
3070,huntdown
3071,hyper scape
3072,hypercharge: unboxed
3073,hyperdot
3074,hyrule warriors: age of calamity
3075,i am dead
3076,if found...
3077,ikenfell
3078,immortals fenyx rising
3079,in other waters
3080,intrepid izzy
3081,iratus: lord of the dead
3082,iris and the giant
3083,iron danger
3084,iron harvest
3085,iron man vr
3086,island saver
3087,jets'n'guns 2
3088,journey to the savage planet
3089,jump rope challenge
3090,just dance 2021
3091,kamen rider: memory of heroez
3092,kards
3093,kingdom hearts: melody of memory
3094,kirby fighters 2
3095,knighthood
3096,kunai
3097,labyrinth of galleria: the moon society
3098,lair of the clockwork god
3099,the last campfire
3100,the last of us part ii
3101,league of legends: wild rift
3102,the legend of heroes: trails into reverie
3103,legends of aria
3104,legends of runeterra
3105,lego legacy: heroes unboxed
3106,leisure suit larry: wet dreams dry twice
3107,liberated
3108,little orpheus
3109,the longing
3110,the lord of the rings online: war of three peaks
3111,lost words: beyond the page
3112,mad rat dead
3113,madden nfl 21
3114,mafia: definitive edition
3115,maid of sker
3116,maneater
3117,mario kart live: home circuit
3118,marvel realm of champions
3119,marvel's avengers
3120,maximum football 2020
3121,medal of honor: above and beyond
3122,medieval engineers
3123,mega man x dive
3124,mega man zero/zx legacy collection
3125,microsoft flight simulator
3126,milk inside a bag of milk inside a bag of milk
3127,milk outside a bag of milk outside a bag of milk
3128,minecraft dungeons
3129,ministry of broadcast
3130,mlb the show 20
3131,möbius front '83
3132,monster prom 2: monster camp
3133,moose life
3134,mortal shell
3135,motogp 20
3136,moving out
3137,murder by numbers
3138,murder house
3139,my hero one's justice 2
3140,namcot collection
3141,nascar heat 5
3142,nba 2k21
3143,necrobarista
3144,necromunda: underhive wars
3145,neon abyss
3146,nhl 21
3147,nickelodeon kart racers 2: grand prix
3148,ninjala
3149,nioh 2
3150,no straight roads
3151,noita
3152,octopath traveler: champions of the continent
3153,omori
3154,one piece: pirate warriors 4
3155,one step from eden
3156,one-punch man: a hero nobody knows
3157,orcs must die! 3
3158,ori and the will of the wisps
3159,othercide
3160,the otterman empire
3161,pac-man mega tunnel battle
3162,pacer
3163,panzer corps 2
3164,panzer paladin
3165,paper beast
3166,paper mario: the origami king
3167,paprium
3168,paradise killer
3169,parkasaurus
3170,partisans 1941
3171,the pathless
3172,pax nova
3173,the pedestrian
3174,per aspera
3175,persona 5 strikers
3176,pga tour 2k21
3177,phoenotopia: awakening
3178,phogs!
3179,pikmin 3 deluxe
3180,poison control
3181,pokémon café remix
3182,pokémon mystery dungeon: rescue team dx
3183,pokémon sword and shield: the crown tundra
3184,pokémon sword and shield: the isle of armor
3185,poly bridge 2
3186,population: one
3187,predator: hunting grounds
3188,project cars 3
3189,project wingman
3190,pumpkin jack
3191,puyo puyo tetris 2
3192,raji: an ancient epic
3193,remothered: broken porcelain
3194,resident evil 3
3195,resident evil: resistance
3196,retro bowl
3197,ride 4
3198,risk of rain 2
3199,rock of ages 3: make & break
3200,rocket arena
3201,rogue company
3202,röki
3203,romance of the three kingdoms xiv
3204,root film
3205,rugby 20
3206,rush royale
3207,sackboy: a big adventure
3208,sakuna: of rice and ruin
3209,samurai jack: battle through time
3210,sense: a cyberpunk ghost story
3211,serious sam 4
3212,shadow empire
3213,shady part of me
3214,sludge life
3215,snowrunner
3216,the solitaire conspiracy
3217,someday you'll return
3218,sometimes always monsters
3219,sonic at the olympic games - tokyo 2020
3220,south of the circle
3221,space channel 5 vr: kinda funky news flash
3222,space crew
3223,space invaders invincible collection
3224,spellbreak
3225,spelunky 2
3226,spider-man: miles morales
3227,spirit of the north
3228,spiritfarer
3229,spongebob squarepants: battle for bikini bottom – rehydrated
3230,squad
3231,star renegades
3232,star wars: squadrons
3233,star wars: tales from the galaxy's edge
3234,stationflow
3235,streets of rage 4
3236,the suicide of rachel foster
3237,super bomberman r online
3238,super mario 3d all-stars
3239,super mario bros. 35
3240,super meat boy forever
3241,suzerain
3242,tales from off-peak city vol. 1
3243,taur
3244,tears of themis
3245,tell me why
3246,tenderfoot tactics
3247,the coma 2: vicious sisters
3248,them's fightin' herds
3249,there is no game: wrong dimension
3250,through the darkest of times
3251,timelie
3252,tokyo mirage sessions ♯fe encore
3253,tonight we riot
3254,tony hawk's pro skater 1 + 2
3255,tony stewart's sprint car racing
3256,torchlight iii
3257,total war saga: troy
3258,touhou lostword
3259,touhou spell bubble
3260,trackmania
3261,treachery in beatdown city
3262,trials of mana
3263,trollhunters: defenders of arcadia
3264,twin mirror
3265,umurangi generation
3266,undermine
3267,unrailed!
3268,until you fall
3269,valorant
3270,vampire: the masquerade – shadows of new york
3271,vampire: the masquerade
3272,virtuaverse
3273,visage
3274,vitamin connection
3275,the walking dead: saints & sinners
3276,warcraft iii: reforged
3277,wasteland 3
3278,watch dogs: legion
3279,the white door
3280,wingspan
3281,world of warcraft: shadowlands
3282,world's end club
3283,worms rumble
3284,wraith: the oblivion – the orpheus device
3285,wrc 9
3286,wwe 2k battlegrounds
3287,xcom: chimera squad
3288,xiii
3289,yakuza: like a dragon
3290,"yes, your grace"
3291,yestermorrow
3292,yo-kai watch jam: yo-kai academy y – waiwai gakuen seikatsu
3293,zombie army 4: dead war
3294,ace racer
3295,aeterna noctis
3296,age of empires iv
3297,an airport for aliens currently run by dogs
3298,alfred hitchcock – vertigo
3299,aliens: fireteam elite
3300,almighty: kill your gods
3301,the amazing american circus
3302,angelique luminarise
3303,angry birds reloaded
3304,the artful escape
3305,the ascent
3306,astalon: tears of the earth
3307,astria ascending
3308,away: the survival series
3309,axiom verge 2
3310,babble royale
3311,back 4 blood
3312,balan wonderworld
3313,baldo: the guardian owls
3314,battlefield 2042
3315,battlegrounds mobile india
3316,beasts of maravilla island
3317,before your eyes
3318,behind the frame: the finest scenery
3319,the big con
3320,biomutant
3321,black book
3322,blue archive
3323,blue reflection: second light
3324,bowser's fury
3325,boyfriend dungeon
3326,bravely default ii
3327,breathedge
3328,buddy mission bond
3329,bus simulator 21
3330,the bus
3331,call of duty: vanguard
3332,capcom arcade stadium
3333,century: age of ashes
3334,chasing static
3335,chernobylite
3336,chicory: a colorful tale
3337,chivalry 2
3338,chorus
3339,circuit superstars
3340,clan o'conall and the crown of the stag
3341,the climb 2
3342,clockwork aquario
3343,cloud gardens
3344,cotton fantasy: superlative night dreams
3345,crab game
3346,crash bandicoot: on the run!
3347,cricket 22
3348,cris tales
3349,critters for sale
3350,cruelty squad
3351,curse of the dead gods
3352,cyber shadow
3353,dandy ace
3354,danganronpa s: ultimate summer camp
3355,dark deity
3356,the dark pictures anthology: house of ashes
3357,death's door
3358,deathloop
3359,deceive inc.
3360,demeo
3361,demon slayer: kimetsu no yaiba – the hinokami chronicles
3362,demon turf
3363,destruction allstars
3364,diablo ii: resurrected
3365,dice legacy
3366,disgaea 6: defiance of destiny
3367,doki doki literature club plus!
3368,doodle champion island games
3369,doomed love
3370,dungeon encounters
3371,dungeons & dragons: dark alliance
3372,eastward
3373,edge of eternity
3374,efootball
3375,encased
3376,ender lilies: quietus of the knights
3377,enlisted
3378,the eternal cylinder
3379,everhood
3380,evil genius 2: world domination
3381,exo one
3382,f.i.s.t.: forged in shadow torch
3383,f1 2021
3384,fantasian
3385,far cry 6
3386,fearless and united guards
3387,fifa 22
3388,fights in tight spaces
3389,final fantasy vii: the first soldier
3390,final fantasy xiv: endwalker
3391,five nights at freddy's: security breach
3392,flynn: son of crimson
3393,football manager 2022
3394,forza horizon 5
3395,fuga: melodies of steel
3396,game builder garage
3397,gamedec
3398,garden story
3399,genesis noir
3400,ghosts 'n goblins resurrection
3401,gloomhaven
3402,the good life
3403,grand theft auto: the trilogy – the definitive edition
3404,the great ace attorney chronicles
3405,griftlands
3406,grime
3407,gtfo
3408,guilty gear strive
3409,gunfire reborn
3410,the gunk
3411,halo infinite
3412,happy game
3413,haven park
3414,hell let loose
3415,hellish quart
3416,hextech mayhem
3417,highfleet
3418,hitman 3
3419,hood: outlaws & legends
3420,horizon worlds
3421,hot wheels unleashed
3422,humankind
3423,i expect you to die 2: the spy and the liar
3424,icarus
3425,idol manager
3426,impostor factory
3427,in sound mind
3428,it takes two
3429,jack jeanne
3430,jett: the far shore
3431,jupiter hell
3432,jurassic world evolution 2
3433,just dance 2022
3434,kena: bridge of spirits
3435,keywe
3436,kid a mnesia exhibition
3437,killsquad
3438,king's bounty ii
3439,knockout city
3440,lake
3441,last stop
3442,the legend of heroes: trails through daybreak
3443,legend of keepers: career of a dungeon manager
3444,the legend of sword and fairy 7
3445,lemnis gate
3446,life is strange: true colors
3447,little nightmares ii
3448,lone echo ii
3449,loop hero
3450,loopers
3451,the lord of the rings online: fate of gundabad
3452,lost in random
3453,lost judgment
3454,lunaria: virtualized moonchild
3455,lust from beyond
3456,madden nfl 22
3457,maquette
3458,mario golf: super rush
3459,mario party superstars
3460,marvel future revolution
3461,marvel's guardians of the galaxy
3462,mass effect legendary edition
3463,the matrix awakens
3464,the medium
3465,melty blood: type lumina
3466,metroid dread
3467,mighty goose
3468,minute of islands
3469,mlb the show 21
3470,momotype
3471,monark
3472,monster crown
3473,monster hunter rise
3474,monster hunter stories 2: wings of ruin
3475,moonglow bay
3476,mundaun
3477,nanotale - typing chronicles
3478,naraka: bladepoint
3479,narita boy
3480,nascar 21: ignition
3481,nba 2k22
3482,nebuchadnezzar
3483,necromunda: hired gun
3484,nemezis: mysterious journey iii
3485,neo geo pocket color selection
3486,neo: the world ends with you
3487,nerf legends
3488,nero
3489,new pokémon snap
3490,new state mobile
3491,new world
3492,nhl 22
3493,nickelodeon all-star brawl
3494,no more heroes iii
3495,nuclear blaze
3496,oddworld: soulstorm
3497,old world
3498,olija
3499,opus: echo of starsong
3500,outriders
3501,pac-man 99
3502,papetura
3503,pathfinder: wrath of the righteous
3504,pokémon brilliant diamond and shining pearl
3505,pokémon unite
3506,portal reloaded
3507,praey for the gods
3508,propnight
3509,psychonauts 2
3510,pulsar: lost colony
3511,r-type final 2
3512,raptor boyfriend
3513,ratchet & clank: rift apart
3514,re:zero − starting life in another world: the prophecy of the throne
3515,ready or not
3516,record of lodoss war: deedlit in wonder labyrinth
3517,red solstice 2: survivors
3518,resident evil village
3519,retromania wrestling
3520,returnal
3521,riders republic
3522,the riftbreaker
3523,rise eterna
3524,road 96
3525,rogue heroes: ruins of tasos
3526,roguebook
3527,room to grow
3528,ruined king
3529,rune factory 5
3530,sable
3531,saint kotar
3532,samurai warriors 5
3533,sands of salzaar
3534,scarlet nexus
3535,shattered – tale of the forgotten king
3536,sherlock holmes chapter one
3537,shin megami tensei v
3538,shin-chan: me and the professor on summer vacation
3539,the shore
3540,shovel knight pocket dungeon
3541,skatebird
3542,skul: the hero slayer
3543,slipways
3544,the smurfs: mission vileaf
3545,sniper elite vr
3546,sniper ghost warrior contracts 2
3547,solar ash
3548,solasta: crown of the magister
3549,space warlord organ trading simulator
3550,speed limit
3551,splitgate
3552,starship troopers: terran command
3553,steel assault
3554,stronghold: warlords
3555,subnautica: below zero
3556,suika game
3557,super animal royale
3558,super monkey ball banana mania
3559,surviving the aftermath
3560,tails noir
3561,tails of iron
3562,tainted grail: conquest
3563,tales of arise
3564,tandem: a tale of shadows
3565,taxi chaos
3566,the vale: shadow of the crown
3567,this land is my land
3568,toem
3569,toree 3d
3570,totally accurate battle simulator
3571,sunken fossil world
3572,townscaper
3573,trials of fire
3574,tribes of midgard
3575,turnip boy commits tax evasion
3576,twelve minutes
3577,unbound: worlds apart
3578,unconnected marketeers
3579,unpacking
3580,unsighted
3581,voice of cards: the isle dragon roars
3582,"warhammer 40,000: battlesector"
3583,warhammer age of sigmar: storm ground
3584,warioware: get it together!
3585,weaving tides
3586,webbed
3587,werewolf: the apocalypse – earthblood
3588,what the dub?
3589,where's samantha?
3590,the wild at heart
3591,wildermyth
3592,witchspring3 re:fine – the story of eirudy
3593,wordle
3594,world of demons
3595,wrc 10
3596,wytchwood
3597,20 minutes till dawn
3598,ace angler: fishing spirits
3599,ai: the somnium files – nirvana initiative
3600,air twister
3601,among us vr
3602,anonymous;code
3603,aperture desk job
3604,apico
3605,aquamarine
3606,arcade paradise
3607,as dusk falls
3608,asterigos: curse of the stars
3609,atelier sophie 2: the alchemist of the mysterious dream
3610,azure striker gunvolt 3
3611,babbdi
3612,babylon's fall
3613,batora: lost haven
3614,bayonetta 3
3615,beacon pines
3616,bear and breakfast
3617,betrayal at club low
3618,blacktail
3619,bonelab
3620,bravely default: brilliant lights
3621,brok the investigator
3622,"bury me, my love"
3623,bus simulator city ride
3624,call of duty: modern warfare ii
3625,call of duty: warzone 2.0
3626,the callisto protocol
3627,capcom fighting collection
3628,card shark
3629,the case of the golden idol
3630,catalyst black
3631,chained echoes
3632,chinatown detective agency
3633,chocobo gp
3634,choo-choo charles
3635,citizen sleeper
3636,core keeper
3637,cosmonious high
3638,crossfire: legion
3639,crossfirex
3640,crowns and pawns: kingdom of deceit
3641,cult of the lamb
3642,cursed to golf
3643,the cycle: frontier
3644,the dark pictures anthology: the devil in me
3645,dawn of the monsters
3646,dead man's diary
3647,desta: the memories between
3648,destroy all humans! 2: reprobed
3649,diablo immortal
3650,digimon survive
3651,the diofield chronicle
3652,disney mirrorverse
3653,distant worlds 2
3654,dnf duel
3655,dolmen
3656,dome keeper
3657,dorfromantik
3658,dragon quest treasures
3659,drainus
3660,dual universe
3661,dungeons of dreadrock
3662,dying light 2
3663,eiyuden chronicle: rising
3664,elden ring
3665,elex 2
3666,end game: union multiplayer
3667,endling: extinction is forever
3668,the entropy centre
3669,escape academy
3670,evil dead: the game
3671,evil west
3672,the excavation of hob's barrow
3673,expeditions: rome
3674,f1 22
3675,f1 manager 2022
3676,far: changing tides
3677,fifa 23
3678,fire emblem warriors: three hopes
3679,flat eye
3680,floodland
3681,football manager 2023
3682,foretales
3683,foxhole
3684,freedom planet 2
3685,frogun
3686,galactic civilizations iv
3687,gerda: a flame in winter
3688,getsu fūma den: undying moon
3689,ghost song
3690,ghostbusters: spirits unleashed
3691,ghostwire: tokyo
3692,gibbon: beyond the trees
3693,gigabash
3694,gloomwood
3695,goat simulator 3
3696,god of war ragnarök
3697,goddess of victory: nikke
3698,gotham knights
3699,gran turismo 7
3700,grapple dog
3701,grid legends
3702,ground divers!
3703,grounded
3704,guild wars 2: end of dragons
3705,gundam evolution
3706,gungrave g.o.r.e
3707,haiku the robot
3708,hard west 2
3709,hardspace: shipbreaker
3710,harvestella
3711,heaven burns red
3712,high on life
3713,hindsight
3714,hokko life
3715,hooked on you: a dead by daylight dating sim
3716,horizon forbidden west
3717,house party
3718,i was a teenage exocolonist
3719,immortality
3720,infernax
3721,isonzo
3722,ixion
3723,janitor bleeds
3724,just dance 2023 edition
3725,kao the kangaroo
3726,kartkraft
3727,king arthur: knight's tale
3728,the king of fighters xv
3729,kirby and the forgotten land
3730,kirby's dream buffet
3731,klonoa phantasy reverie series
3732,the last of us part i
3733,the last oricru
3734,laya's horizon
3735,lego bricktales
3736,lego star wars: the skywalker saga
3737,lil gator game
3738,little noah: scion of paradise
3739,little witch nobeta
3740,the lord of the rings online: before the shadow
3741,lost in play
3742,luck be a landlord
3743,lunistice
3744,madden nfl 23
3745,madison
3746,mario + rabbids sparks of hope
3747,mario strikers: battle league
3748,marvel snap
3749,master of magic
3750,mcpixel 3
3751,a memoir blue
3752,metal: hellsinger
3753,marvel's midnight suns
3754,miss kobayashi's dragon maid: burst forth!! choro-gon breath
3755,mlb the show 22
3756,monochrome mobius: rights and wrongs forgotten
3757,moonbreaker
3758,moonscars
3759,the mortuary assistant
3760,moss: book ii
3761,mount & blade ii: bannerlord
3762,nascar rivals
3763,nba 2k23
3764,need for speed unbound
3765,needy streamer overload
3766,neon white
3767,new tales from the borderlands
3768,nhl 23
3769,nickelodeon kart racers 3: slime speedway
3770,nine to five
3771,nintendo switch sports
3772,no place for bravery
3773,nobody saves the world
3774,norco
3775,not for broadcast
3776,olliolli world
3777,ooblets
3778,overwatch 2
3779,pac-man museum +
3780,the past within
3781,path to nowhere
3782,patrick's parabox
3783,paw patrol: grand prix
3784,pc building simulator 2
3785,pentiment
3786,pga tour 2k23
3787,a plague tale: requiem
3788,pokémon legends: arceus
3789,pokémon scarlet and violet
3790,postal 4: no regerts
3791,potion permit
3792,potionomics
3793,powerwash simulator
3794,prodeus
3795,pupperazzi
3796,quake champions
3797,the quarry
3798,ragnorium
3799,tom clancy's rainbow six extraction
3800,ravenous devils
3801,reigns: three kingdoms
3802,return to monkey island
3803,revita
3804,rifftrax: the game
3805,roadwarden
3806,rogue legacy 2
3807,roller champions
3808,rollerdrome
3809,rpgolf legends
3810,rumbleverse
3811,saints row
3812,salt and sacrifice
3813,save room – organization puzzle
3814,scorn
3815,serial cleaners
3816,serious sam: siberian mayhem
3817,serious sam: tormental
3818,the serpent rogue
3819,session: skate sim
3820,shadow warrior 3
3821,shovel knight dig
3822,sifu
3823,signalis
3824,silt
3825,sniper elite 5
3826,sol cresta
3827,somerville
3828,sonic frontiers
3829,sonic origins
3830,sonic speed simulator
3831,soul hackers 2
3832,souldiers
3833,spirit hunter: death mark ii
3834,splatoon 3
3835,sports story
3836,stacklands
3837,star ocean: the divine force
3838,steelrising
3839,stella of the end
3840,strange horticulture
3841,stranger of paradise: final fantasy origin
3842,stray
3843,sucker for love: first date
3844,sunday gold
3845,super people
3846,syberia: the world before
3847,symphony of war: the nephilim saga
3848,teardown
3849,teenage mutant ninja turtles: shredder's revenge
3850,teenage mutant ninja turtles: the cowabunga collection
3851,temtem
3852,tentacular
3853,the last hero of nostalgaia
3854,the looker
3855,thymesia
3856,tiny tina's wonderlands
3857,tinykin
3858,tokoyo: the tower of perpetuity
3859,torchlight: infinite
3860,total war: warhammer iii
3861,touken ranbu warriors
3862,tower of fantasy
3863,trek to yomi
3864,triangle strategy
3865,trinity trigger
3866,trombone champ
3867,tunic
3868,two point campus
3869,validate: struggling singles in your area
3870,valkyrie elysium
3871,vampire survivors
3872,vampire: the masquerade – bloodhunt
3873,vampire: the masquerade – swansong
3874,victoria 3
3875,voice of cards: the beasts of burden
3876,voice of cards: the forsaken maiden
3877,the walking dead: saints & sinners – chapter 2: retribution
3878,"warhammer 40,000: chaos gate - daemonhunters"
3879,"warhammer 40,000: darktide"
3880,"warhammer 40,000: shootas, blood and teef"
3881,"warhammer 40,000: tacticus"
3882,warno
3883,we are ofk
3884,weird west
3885,who's lila?
3886,windjammers 2
3887,world of warcraft: dragonflight
3888,world war 3
3889,wrc generations
3890,wwe 2k22
3891,xel
3892,xenoblade chronicles 3
3893,yars: recharged
3894,yu-gi-oh! master duel
3895,advance wars 1+2: re-boot camp
3896,aew fight forever
3897,after us
3898,age of wonders 4
3899,akka arrh
3900,aliens: dark descent
3901,amnesia: the bunker
3902,aquatico
3903,atelier ryza 3: alchemist of the end & the secret key
3904,atomic heart
3905,backfirewall
3906,barotrauma
3907,battlebit remastered
3908,bayonetta origins: cereza and the lost demon
3909,blood bowl 3
3910,bramble: the mountain king
3911,breachers vr
3912,broken spectre
3913,cassette beasts
3914,clash: artifacts of chaos
3915,the coffin of andy and leyley
3916,company of heroes 3
3917,connections
3918,convergence: a league of legends story
3919,crash team rumble
3920,crime boss: rockay city
3921,crime o'clock
3922,curse of the sea rats
3923,the dark pictures: switchback vr
3924,darkest dungeon ii
3925,dave the diver
3926,dead island 2
3927,dead space
3928,decarnation
3929,deliver us mars
3930,diablo iv
3931,disgaea 7: vows of the virtueless
3932,dordogne
3933,dr. fetus' mean meat machine
3934,dragon quest champions
3935,dredge
3936,dune: spice wars
3937,ea sports pga tour
3938,everdream valley
3939,everspace 2
3940,everybody 1-2-switch!
3941,f1 23
3942,fall of porcupine
3943,final fantasy xvi
3944,fire emblem engage
3945,firmament
3946,fitness boxing fist of the north star
3947,forspoken
3948,friends vs friends
3949,fuga: melodies of steel 2
3950,gal guardians: demon purge
3951,god of rock
3952,the great war: western front
3953,grimace's birthday
3954,harmony: the fall of reverie
3955,have a nice death
3956,hi-fi rush
3957,hogwarts legacy
3958,honkai: star rail
3959,horizon call of the mountain
3960,hrot
3961,humanity
3962,industries of titan
3963,justice league: cosmic chaos
3964,killer frequency
3965,the last case of benedict fox
3966,the last hope: dead zone survival
3967,the last spell
3968,the last worker
3969,the legend of zelda: tears of the kingdom
3970,lego 2k drive
3971,the light brigade
3972,loop8: summer of gods
3973,the lord of the rings: gollum
3974,love shore
3975,lunark
3976,the mageseeker
3977,mask of the rose
3978,master detective archives: rain code
3979,meet your maker
3980,mega man battle network legacy collection
3981,mercenaries lament: the seven stars of the silver wolf and shrine maiden
3982,miasma chronicles
3983,mighty doom
3984,minecraft legends
3985,mlb the show 23
3986,mr. saitou
3987,the murder of sonic the hedgehog
3988,octopath traveler ii
3989,oddballers
3990,omega strikers
3991,one piece odyssey
3992,only up!
3993,osiris: new dawn
3994,otxo
3995,outer terror
3996,the pale beyond
3997,paranormasight: the seven mysteries of honjo
3998,park beyond
3999,pharaoh: a new era
4000,pizza tower
4001,planet of lana
4002,poly bridge 3
4003,puppet master: the game
4004,ravenlok
4005,redfall
4006,resident evil 4
4007,roots of pacha
4008,like a dragon: ishin!
4009,scars above
4010,season: a letter to the future
4011,the settlers: new allies
4012,sherlock holmes: the awakened
4013,showgunners
4014,skinny & franko: fists of violence
4015,slayers x: terminal aftermath: vengance of the slayer
4016,a space for the unbound
4017,spongebob squarepants: the cosmic shake
4018,star trek: resurgence
4019,star wars jedi: survivor
4020,storyteller
4021,stranded: alien dawn
4022,stray blade
4023,street fighter 6
4024,system shock
4025,the tartarus key
4026,tchia
4027,telenet shooting collection
4028,terra nil
4029,teslagrad 2
4030,theatrhythm final bar line
4031,tomb raider reloaded
4032,town of salem 2
4033,trepang2
4034,tron: identity
4035,vengeful guardian: moonrider
4036,volcano princess
4037,wanted: dead
4038,"warhammer 40,000: boltgun"
4039,wartales
4040,wild hearts
4041,wild west dynasty
4042,wildfrost
4043,wo long: fallen dynasty
4044,worm game
4045,wwe 2k23
4046,xicatrice
