publisher_id,publishers
1,take-two
2,the fun pimps
3,double fine productions
4,michael brough
5,bigben interactive
6,tru blu entertainment
7,acquire
8,xseed games
9,nis america
10,ci games
11,frictional games
12,rovio entertainment
13,nintendo
14,bohemia interactive
15,bandai namco
16,fromsoftware
17,microsoft studios
18,signal studios
19,505 games
20,gameloft
21,ubisoft
22,grip games
23,examu
24,atlus
25,lockwood publishing
26,atari
27,beamdog
28,skybound games
29,mastiff
30,hamster corporation
31,raw thrills
32,warner bros. interactive entertainment
33,crimson cow
34,thq nordic
35,electronic arts
36,konami
37,d3 publisher
38,sony computer entertainment
39,quantic dream
40,kunabi brother
41,kalypso media
42,midnight city
43,a-lim
44,gumi
45,gun media
46,gambitious digital entertainment
47,devolver digital
48,revolution software
49,arcane kids
50,activision blizzard
51,blue manchu
52,the knights of unity
53,vogster entertainment
54,sega
55,disney mobile
56,feral interactive
57,microsoft game studios
58,ska studios
59,slimstown studios
60,bitcomposer games
61,aspyr
62,matrix games
63,spike chunsoft
64,focus home interactive
65,arc system works
66,daedalic entertainment
67,mingle games
68,bulkypix
69,iceberg interactive
70,wild games studio
71,tecmo koei
72,deca games
73,nordic games
74,ios
75,android
76,rayark games
77,pm studios
78,circle entertainment
79,flyhigh works
80,qcf design
81,square enix
82,simogo
83,disney interactive studios
84,5pb.
85,iron galaxy
86,larian studios
87,neowiz games
88,tiny rebel games
89,illwinter
90,valve
91,team shanghai alice
92,playism
93,anuman
94,atlus usa
95,sony online entertainment
96,gamigo
97,aeria games
98,capcom
99,marvelous usa
100,pqube
101,minor key games
102,michael todd games
103,deep silver
104,paradox interactive
105,furyu
106,codemasters
107,phoenix online studios
108,compile heart
109,idea factory international
110,advent dark force
111,ghostlight interactive
112,radian-helix media
113,sekai project
114,alice in dissonance
115,replay games
116,chillingo
117,betadwarf
118,gamemill entertainment
119,avanquest software
120,bergsala lightweight
121,microids
122,lucky frame
123,majesco entertainment
124,the fullbright company
125,annapurna interactive
126,gamebar
127,soft-world international corporation
128,crackshell
129,natsume inc.
130,rising star games
131,warner bros. games
132,sparpweed games
133,1c company
134,level-5
135,epic games
136,zero point software
137,sony computer entertainment europe
138,zachtronics
139,zen studios
140,scea
141,kadokawa games
142,windows
143,bumblebear games
144,ice-pick lodge
145,nihon falcom
146,marvelous europe
147,turbine
148,inc.
149,wizards of the coast
150,kickback studios
151,d3 go!
152,wired productions
153,personae studios
154,infinite game publishing
155,piranha games
156,kaasa health
157,crescent moon games
158,gungho online entertainment
159,na/aksys games
160,outfit7
161,ynnis interactive
162,her interactive
163,koch media
164,ng:dev.team
165,nether productions
166,super fighter team
167,fdg entertainment
168,red barrels
169,yuke's
170,slitherine software
171,3909 llc
172,tencent
173,grinding gear games
174,garena
175,kakao games
176,serious games interactive
177,game freak
178,nimblebit
179,the pokémon company
180,flippfly
181,the adventure company
182,kingnet technology
183,koramgame
184,apogee software
185,llc
186,chucklefish
187,fireproof games
188,crytek
189,beau blyth
190,ufo interactive games
191,bitbox
192,harebrained schemes
193,gaijin entertainment
194,topware interactive
195,mts freestyle
196,intelligible games
197,full control
198,funbox media
199,hoplite research
200,clickteam
201,image & form
202,ivent games
203,no crusts interactive
204,xgen studios
205,original
206,rain games
207,remastered
208,modus games
209,strategy first
210,rovio stars
211,etermax
212,arte
213,endless fluff
214,adult swim games
215,crazy viking studios
216,telltale games
217,my.games
218,astrum entertainment
219,nippon ichi software
220,platinumgames
221,wargaming
222,team17
223,eu/bigben interactive
224,egosoft
225,aksys games
226,little orbit
227,majesco entertainment hamsterjp
228,inkle
229,nicalis
230,solebon llc
231,hyper hippo productions
232,kongregate
233,triumph studios →
234,carbon games
235,haruneko
236,krillbite studio
237,aperture tag team
238,koei tecmo
239,unity games
240,fuzzy wuzzy games
241,kunos simulazioni
242,gust co. ltd.
243,inti creates
244,versus evil
245,bloober team
246,blackpowder games
247,freebird games
248,bplus
249,pearl abyss
250,wadjet eye games
251,studio saizensen
252,targem games
253,minimega
254,supercell
255,mojang
256,playway s.a.
257,stolen couch games & rokaplay gmbh
258,jason rohrer
259,na/pqube
260,frima studio
261,televisa home entertainment
262,game
263,harmonix
264,playsaurus
265,nexon
266,naddic games
267,idea factory
268,obscurasoft
269,interdimensional games
270,hipster whale android
271,tvos
272,yodo1 windows phone
273,bulldog interactive
274,microsoft windows
275,systemsoft alpha
276,headup games
277,cloak and dagger games
278,doublebear productions
279,blinkbat games
280,bungie
281,sony interactive entertainment
282,infinite state
283,digerati
284,killhouse games
285,qubicgames
286,digital happiness
287,dejobaan games
288,amplitude studio
289,not doppler
290,ice water games
291,bethesda softworks
292,frontier developments
293,ansimuz games
294,amirali rajan
295,white paper games
296,over the moon games
297,jam city
298,tinybuild
299,reverb triple xp
300,dena
301,red 5 studios
302,scott cawthon
303,phosfiend systems
304,noodlecake studios
305,galaxytrail
306,marvelous
307,mixedbag
308,invictus games
309,coffee stain studios
310,double eleven
311,22cans
312,hb studios
313,collector's edition
314,maximum games
315,ravenscourt
316,cygames
317,indian air force
318,arcade
319,maiet entertainment
320,prosiebensat.1 media
321,ini3
322,xbox game studios
323,eu/rising star games
324,longbow games
325,nis
326,rocket bear games
327,new world interactive
328,stack
329,cbe software
330,bitcomposer entertainment
331,unlimited reality
332,cinemax
333,uig entertainment
334,hothead games
335,loot entertainment
336,soedesco
337,almost human
338,team reptile
339,treefall studios
340,xaviant
341,lace games
342,serenity forge
343,stage 2 studios
344,dingaling productions
345,edge of reality
346,ghostlight
347,state of play games
348,lohika games
349,space inch
350,kabam
351,dave & buster's
352,ninja pig studios
353,tribute games
354,digital dreams
355,phoenix online publishing
356,nowhere studios
357,merge games
358,ustwo games
359,idreamsky
360,madfinger games
361,milestone
362,limasse five
363,gamengame
364,blue bottle games
365,e-line media
366,infinitap games
367,messhof
368,young horses
369,oddworld inhabitants
370,roll7
371,curve digital
372,creability
373,intense
374,if games
375,jp/atlus
376,pastagames
377,planetary annihilation inc
378,midoki
379,nival
380,engine software
381,ripstone
382,play it
383,upfall studios
384,reef entertainment ltd
385,ironward
386,turbo pixel studios
387,giant spacekat
388,snk playmore
389,room 8 studio
390,spry fox
391,no goblin llc
392,black shell media
393,surprise attack
394,blade monkeys
395,broken rules
396,lump of sugar
397,marvelous aql
398,dead mage
399,nekki
400,snow cannon games
401,wayforward technologies
402,kitfox games
403,frogwares
404,yacht club games
405,rcmadiax
406,jundroo llc
407,channel 4 television
408,mediocre
409,hi-rez studios
410,tencent games
411,naiad entertainment
412,rebellion developments
413,oovee game studios
414,imgn
415,die gute fabrik
416,codehatch
417,supercrit
418,experience
419,na/nis america
420,ragequit corporation
421,firefly studios
422,capybara games
423,battlegoat studios
424,.gears
425,kadokawa corporation
426,perfect world entertainment
427,winter wolves
428,brightside games
429,mistwalker
430,signhead studio
431,11 bit studios
432,sirvo
433,donuts co. ltd
434,success corporation
435,limbic software
436,blankmediagames
437,codemasters racing
438,supergiant games
439,secret exit ltd.
440,playdots
441,llamasoft
442,pyrodactyl games
443,smartly dressed games
444,the astronauts
445,futurlab
446,vrchat inc.
447,herocraft
448,eutechnyx
449,astragon
450,rocketcat games
451,akupara games
452,ncsoft
453,cd projekt red
454,minivisions
455,frozenshard games
456,final boss entertainment
457,goldhawk interactive
458,renegade kid
459,milkstone studios
460,robot gentleman
461,limited run games
462,tic toc games
463,voxelstorm
464,napnok games
465,nicolas entertainment group
466,miniclip
467,iron tower studio
468,yak & co
469,art in games
470,k bros games
471,atari sa
472,visual arts
473,alientrap
474,studio wildcard
475,league of geeks
476,meta publishing
477,witch beam
478,extreme co.
479,dylan fitterer
480,aerosoft gmbh
481,spiderweb software
482,sketchy logic
483,vertical reach
484,thomas happ games
485,cheetah games
486,beamng gmbh
487,standfast interactive
488,everything unlimited ltd.
489,positech games
490,klabater
491,hanako games
492,fiolasoft studio
493,klabgames
494,plug in digital
495,jagex
496,fatshark
497,a crowd of monsters
498,bulbware
499,incandescent imaging
500,microsoft
501,calvino noir
502,ltd.
503,stainless games
504,snapshot games
505,behold studios
506,pixel maniacs
507,kenny sun
508,reddeergames
509,grid sage games
510,devespresso games
511,colepowered games
512,baggy cat
513,indietopia games
514,flying cafe for semianimals
515,brace yourself games
516,klei entertainment
517,cypronia
518,halfbrick studios
519,badfly interactive
520,3blackdot
521,neocoregames
522,trion worlds-krafton
523,dreadlocks ltd
524,warchest
525,big huge games
526,crows crows crows
527,grimm bros
528,windows phone
529,windows 10
530,laplace
531,owlchemy labs
532,flix interactive
533,erik svedäng
534,hitchcock games
535,eleon game studios
536,lexaloffle games
537,hempuli oy
538,shiro games
539,shin'en multimedia
540,aniplex
541,aniplex of america
542,finji games
543,clickteam llc usa
544,dear villagers
545,killmonday games
546,alchemist
547,jp/inti creates
548,stardock
549,17-bit
550,hucast games
551,grey box
552,hörberg productions
553,nhn entertainment
554,fellow traveller
555,defiant development
556,destructive creations
557,sam barlow
558,level infinite
559,aquiris game studio
560,glass bottom games
561,tomorrow corporation
562,experimental gameplay group
563,huniepot
564,inframez technology
565,bossa studios
566,indomitus games
567,vd-dev
568,agatsuma entertainment
569,thunder lotus games
570,ludia
571,steel crate games
572,green hill
573,zeptolab
574,raw fury
575,ilusis interactive graphics
576,extreme games
577,softstar
578,changyou
579,eastasiasoft
580,aterdux entertainment
581,universal studios
582,amblin entertainment
583,funcom
584,asteroid base
585,shiver games
586,marvelous entertainment
587,question
588,netmarble games
589,iron cloud entertainment
590,industrial toys
591,silicon jelly
592,dinosaur polo club
593,playdigious
594,machine zone
595,milestone srl
596,untame
597,last dimension
598,metanet software
599,dusenberry martin racing
600,flying mollusk
601,nitroplus
602,marvelous inc.
603,notgames llp
604,no gravity games
605,vlambeer
606,joymasher
607,cosmo d
608,sigono
609,eqg
610,outerminds inc.
611,re-logic
612,ndemic creations
613,madruga works
614,forwardxp
615,deco digital
616,bevel studios
617,ios/android
618,prism studios
619,circle 5 studios
620,introversion software
621,polyculture
622,intragames
623,atypical games
624,na/acttil
625,double damage games
626,netease
627,my.com
628,psyonix
629,radial games
630,13am games
631,blackfire games
632,mortal moments
633,5 lives studios
634,team eleven eleven
635,whalenought studios
636,triada studio games
637,kchamp games
638,rumilus design
639,kiss ltd
640,pixelbite
641,forever entertainment
642,tiger style
643,matthew brown games
644,digital tribe games
645,the brotherhood
646,the whale husband
647,cartoon network games
648,beam team games
649,s2 games
650,microïds
651,uppercut games
652,failbetter games
653,tale of tales
654,scek
655,atlus & acttil
656,mindscape
657,vostok games
658,morepork games
659,digital extremes
660,stroboskop
661,berserk games
662,chudchud industries
663,muha games
664,bracket games
665,zachtronics industries
666,ohnoo studio
667,mikengreg
668,flazm
669,blitworks
670,frozenbyte
671,trion worlds
672,krome studios
673,stygian software
674,toby fox
675,8-4
676,twilight frontier
677,aquaplus
678,m2h
679,blackmill games
680,eurovideo medien
681,plarium
682,runestorm
683,mike bithell games
684,scopely
685,pocket gems
686,rodeo games
687,hammerfall publishing
688,date nighto
689,roi games
690,evil tortilla games
691,cd projekt
692,grin gamestudio
693,kobojo
694,sold out
695,petroglyph games
696,batterystaple games
697,qubyte interactive
698,no goblin
699,ink stories
700,anuman / kalypso
701,scs software
702,badland indie
703,ycjy
704,digerati distribution
705,dangen entertainment
706,lince works
707,mad virtual reality studio
708,vertigo games
709,stardock entertainment
710,netflix
711,kiro'o games
712,plug-in digital
713,midjiwan ab
714,exordium games
715,hexecutable
716,alawar entertainment
717,3d realms
718,stellar jockeys
719,wales interactive
720,astragon entertainment
721,crunching koalas
722,transhuman design
723,crosse studios
724,usc games publishing
725,gunfire games
726,aspyr media
727,mojang studios
728,gsc game world
729,butterscotch shenanigans
730,maschinen-mensch
731,three fields entertainment
732,red hook studios
733,daniel wright
734,behaviour interactive
735,netease games
736,starbreeze studios
737,digital touch
738,hopoo games
739,cowcat games
740,red sky games
741,sylvain seccia
742,sorath
743,addicting games
744,kava game studios
745,alliance digital media
746,autumn moon entertainment
747,misfits attic
748,jpn & nexon
749,oculus studios
750,fuzzyeyes entertainment
751,pixel hero games
752,dire wolf digital
753,ccp games
754,oculus vr
755,analgesic productions
756,ocelot society
757,game closure
758,northway games
759,aerosoft
760,perfect world games
761,panic
762,campo santo
763,sassybot
764,the game bakers
765,cloudhead games
766,playrix
767,behdad sami interactive
768,unepic_fran
769,dark winter
770,longcheng tianxia
771,x.d. global
772,darkwinter software
773,sunborn japan
774,future tech lab
775,yukitama creative industries
776,crate entertainment
777,trickster arts
778,drizzly bear
779,massive damage
780,billy goat entertainment ltd
781,tlm games
782,reto-moto
783,hap inc.
784,kemco
785,studio élan
786,narayana games
787,gearbox software
788,mihoyo
789,hoyoverse
790,marauder interactive
791,heart machine
792,abylight studios
793,schell games
794,x.d. network
795,loiste interactive
796,playdead
797,carl burton
798,ludosity
799,tripwire interactive
800,snk
801,vespa
802,glohow
803,daybreak game company
804,noxy games
805,nitrome
806,faber interactive
807,lichthund
808,netmarble
809,rasheed abueideh
810,umbrella
811,igg
812,playful studios
813,gametion technologies pvt ltd
814,mobcast
815,tinyco
816,na/idea factory
817,martin magni
818,rainy frog
819,moonton
820,elex technology
821,pc
822,those awesome guys
823,reverb communications
824,zillion whales
825,amistech games
826,cheritz
827,10tons
828,digital cybercherries
829,zeenoh
830,hello games
831,d4 enterprise
832,cyan worlds
833,degica
834,d-pad studio
835,night school studio
836,giant margarita
837,firi games
838,pathea games
839,mindfield games
840,daniel mullins games
841,blendo games
842,moss
843,zach gage
844,34bigthings
845,two tribes publishing b.v.
846,black forest games
847,rcto productions
848,rooster teeth games
849,mixed realms pte ltd
850,portable moose
851,amanita design
852,maple media
853,marvelous europe limited
854,drinkbox studios
855,snowrunner games
856,stone blade entertainment
857,moacube
858,teotl studios
859,grip digital
860,gametrust games
861,hangame
862,smilegate
863,twn/lion games co.
864,disruptor beam
865,concernedape
866,increpare games
867,spearhead games
868,taito
869,gaijinworks
870,superhot team
871,polytron
872,bitfinity
873,sunken treasure games
874,whale hammer games
875,screen 7 entertainment
876,choice provisions
877,numinous games
878,pantera entertainment
879,1c publishing eu
880,drool
881,minority media inc.
882,gamesco
883,lifewonders
884,nikkatsu
885,q-games
886,reakktor studios
887,hiroyoshi oshiba
888,nexon korea
889,eu/na/sa/imc games co.
890,ltd
891,nexon japan
892,nexon thailand
893,nighthawk interactive
894,gamious
895,brainy studio llc
896,grapefrukt
897,clever endeavour games
898,comongames
899,digital tribe
900,ysbryd games
901,wolfgame
902,milestone s.r.l.
903,rayark
904,kixeye
905,risky lab
906,playway
907,ultimate games
908,uber entertainment
909,whale rock games
910,santa ragione
911,thekla
912,code horizon
913,sonka
914,mad fellows
915,uplift games
916,sandbox interactive
917,n/a
918,elden pixels
919,wright flyer studios
920,green man gaming
921,lowiro
922,skydance interactive
923,big ant studios
924,panic button
925,charles university
926,czech academy of sciences
927,jp/bushiroad
928,tw/hk/mobimon inc.
929,bilibili
930,overhype studios
931,trinket studios
932,stunlock studios
933,kindly beast
934,vision games
935,blue mammoth games
936,angry mob games
937,buddy productions gmbh
938,funk
939,v7 entertainment
940,zodiac interactive
941,indienova
942,e-home entertainment
943,sauropod studio
944,yogscast games
945,doborog games
946,ch team
947,killerfish games
948,vertigo gaming
949,zeboyd games
950,powerhoof
951,studio mdhr
952,amanotes pte. ltd.
953,acid wizard studio
954,chorus worldwide
955,smg studio
956,gametrust
957,red candle games
958,high horse entertainment
959,alawar
960,team salvato
961,illwinter game design
962,game grumps
963,hasbro
964,4 i lab
965,ultra ultra
966,kyle seeley
967,edmund mcmillen
968,tyler glaiel
969,mahdi bahrami
970,rockfish games
971,logic artists
972,new blood interactive
973,snapbreak games
974,digital crafter
975,mz
976,nacon
977,over fence co. ltd.
978,ace maddox
979,earthwork games
980,captain games
981,double fine presents
982,boneloaf
983,circle ent
984,starsign
985,sidebar games
986,vertex pop
987,dvloper
988,golden era games
989,arenanet
990,game insight
991,future games select
992,humble bundle
993,suspicious developments
994,ninja theory
995,runic games
996,team cherry
997,yggdrazil group co.
998,blue brain games
999,ratalaika games
1000,d'avekki studios
1001,pikpok
1002,game ever studio
1003,0up games
1004,parabole
1005,eastshade studios
1006,will o'neill
1007,hinterland studio
1008,hollow ponds
1009,craftven
1010,inxile entertainment
1011,borealys games
1012,torn banner studios
1013,sometimes you
1014,laundry bear games
1015,704games
1016,mad dog games
1017,housemarque
1018,finji
1019,playdius
1020,robot entertainment
1021,wolfire games
1022,nvyve studios
1023,tree men games
1024,hal egg
1025,the deep end games
1026,feardemic
1027,armor games
1028,foxnext
1029,the imaginarium
1030,creative england
1031,polykid
1032,kurechii
1033,nway
1034,lionsgate games
1035,krafton
1036,cardboard keep
1037,laura shigihara
1038,digigo
1039,good shepherd entertainment
1040,buka entertainment
1041,six foot
1042,pixel reign
1043,east2west games
1044,kiss publishing
1045,freejam games
1046,tequila works
1047,big robot
1048,kaigan games
1049,pokelabo
1050,monomi park
1051,sumo digital
1052,dispatch games
1053,wizard fu games
1054,mercurysteam
1055,feperd games
1056,axlebolt
1057,juggernaut games
1058,frogdice
1059,loren lemcke
1060,fullbright
1061,alternativaplatform
1062,david wehle
1063,bedtime digital games
1064,alliance
1065,terrible toybox
1066,mode 7 games
1067,unties
1068,pocketwatch games
1069,techland publishing
1070,hit-point
1071,aeiowu
1072,brilliant game studios
1073,ludomotion
1074,angry demon studio
1075,blazepro
1076,retroism
1077,joshprod
1078,screenwave media
1079,studio spektar
1080,illusion
1081,poisoft
1082,usc games
1083,gamera interactive
1084,asymmetric publications
1085,oculus
1086,dotemu
1087,white wolf entertainment
1088,asmodee
1089,white lotus interactive
1090,prideful sloth
1091,u-play online and raiser games
1092,ripstone games
1093,modiphius entertainment
1094,outright games
1095,toplitz productions
1096,inbetweengames
1097,innersloth
1098,snail
1099,aurumdust
1100,basically
1101,games!
1102,puppy games
1103,warpfrog
1104,pikii
1105,ninja kiwi
1106,mighty rabbit studios
1107,thing trunk
1108,wonderstruck games
1109,monumental llc
1110,dmm games
1111,qc games
1112,neat corporation
1113,maddy makes games
1114,bit kid
1115,coconut island games
1116,littoral games
1117,terahard studios
1118,catch & release
1119,klassefilm
1120,nakana.io
1121,survios
1122,eat create sleep
1123,deck13
1124,storyline team
1125,scavengers studio
1126,motion twin
1127,fulqrum publishing
1128,granzella
1129,alawar premium
1130,tencent gaming
1131,gearbox publishing
1132,strange loop games
1133,the wall productions inc
1134,slitherine
1135,mixtvision
1136,assemble entertainment
1137,happy paintings
1138,arika
1139,imagineer
1140,creoteam
1141,toplitz
1142,curve games
1143,endnight games
1144,hitcents
1145,eurovideo medien gmbh
1146,blue wizard digital
1147,cellar door games
1148,the voxel agents
1149,seithcg
1150,untold tales
1151,afterburn
1152,7levels
1153,interactive stone
1154,pillow fight games
1155,hoplon infotainment
1156,transolar games
1157,frozen district
1158,royal rudius entertainment
1159,bifrost entertainment
1160,game odyssey ltd
1161,lowe bros. studios
1162,pixmain
1163,nuverse
1164,playniac
1165,subset games
1166,define human studios
1167,handygames
1168,suncrash
1169,berzerk studio
1170,lo-fi games
1171,graffiti games
1172,warhorse studios
1173,gebeya
1174,elastic games
1175,undaunted games
1176,na publishing
1177,evan rogers
1178,another indie
1179,soma games
1180,movie games
1181,simfabric
1182,twice circled
1183,digital
1184,physical
1185,archetype studios
1186,polyarc
1187,xd network
1188,hasuhasu
1189,teknopilot
1190,hound picked games
1191,solirax
1192,the new york times
1193,pqube limited
1194,no more robots
1195,starbreeze publishing
1196,arbitrary metric
1197,texel raptor
1198,firesprite
1199,the behemoth
1200,henchman & goon
1201,offworld industries
1202,forever entertainment sa
1203,gaming company
1204,ww:level infinite
1205,vng games
1206,axolot games
1207,toge productions
1208,games4kids sverige ab
1209,vertical robot
1210,tolga ay
1211,darril arts
1212,3909 llc.
1213,ludeon studios
1214,gaugepunk games
1215,fishsoft
1216,facepunch studios
1217,marker limited
1218,conchship games
1219,saber interactive
1220,catnip games
1221,a sharp
1222,snk corporation
1223,atooi
1224,kaneko
1225,second dimension
1226,trese brothers
1227,radiant entertainment
1228,geometa
1229,unknown worlds entertainment
1230,prototype
1231,big evil corporation
1232,payload studios
1233,enhance games
1234,maple media llc.
1235,landfall games
1236,topstitch games
1237,application systems heidelberg
1238,kasedo games
1239,system erasure
1240,gremory games
1241,infini-brain inc.
1242,aoca game lab
1243,techland
1244,system era softworks
1245,conifer games
1246,hempuli
1247,beat games
1248,the arcade crew
1249,stress level zero
1250,07th expansion
1251,mangagamer
1252,mail.ru
1253,big cheese studio
1254,picroma
1255,circus
1256,inin games
1257,phoenix labs
1258,all in! games
1259,flarb
1260,hypetrain digital
1261,terry cavanagh
1262,za/um
1263,red thread games
1264,ctrl alt ninja
1265,vlg publishing
1266,whispergames
1267,wanin games
1268,scrnprnt
1269,golden glitch
1270,flavourworks
1271,severed press pty ltd
1272,traxmaster software
1273,hutch
1274,sirlin games
1275,1c entertainment
1276,attu games
1277,scottgames
1278,illumix
1279,wide right interactive
1280,super rare games
1281,systemic reaction
1282,sony music entertainment japan
1283,phoenixx
1284,zoink
1285,stuck in attic
1286,mebius
1287,petit depotto
1288,highwire games
1289,amazon game studios
1290,creepy jar
1291,ghosthunter
1292,niantic
1293,vreski
1294,troglobytes games
1295,grizzly games
1296,coatsink
1297,jp/arc system works
1298,gameforge
1299,the label limited
1300,lego games
1301,thunderful
1302,amazon games
1303,mooneye studios
1304,badland publishing
1305,blini games
1306,himalaya studios
1307,funtap
1308,spear interactive inc / maximum games
1309,fireshine games
1310,morphcat games
1311,angela he
1312,triternion
1313,gortyn code
1314,cornfox & bros.
1315,odders lab
1316,pomelo games
1317,the irregular corporation
1318,eightyeightgames
1319,nippon columbia
1320,kuro game
1321,pixelatto
1322,leonard menchiari
1323,sixtygig games
1324,na/wayforward technologies
1325,mages
1326,athlon games
1327,netflix games
1328,vblank entertainment
1329,wayforward
1330,rhinotales
1331,thatgamecompany
1332,double dash studios
1333,rac7
1334,poppermost productions
1335,keen software house
1336,thunderful publishing
1337,eugen systems
1338,skybox labs
1339,fellow traveler
1340,bonusxp
1341,pillow castle games
1342,supra games
1343,humble games
1344,tin man games
1345,riot games
1346,reef entertainment
1347,numantian games
1348,humanature studios
1349,all in! games sa
1350,excalibur publishing
1351,flashbulb games
1352,grasshopper manufacture
1353,squanch games
1354,twitch
1355,strictly limited games
1356,columbus circle
1357,tender claws
1358,2x2 games
1359,croteam
1360,magic design studios
1361,panic inc.
1362,big sugar
1363,draw distance
1364,walkabout games
1365,pixelated milk
1366,triband
1367,the label
1368,viz media
1369,bitmap bureau
1370,the wandering band
1371,freedom games
1372,pid games
1373,gamera games
1374,funselektor labs
1375,reiza studios
1376,semaphore
1377,3-fold games
1378,team 17
1379,tokyo cowboys
1380,spiderling studios
1381,crowbar collective
1382,neowiz
1383,valofe
1384,cranky watermelon
1385,awe interactive
1386,playtonic friends
1387,happinet
1388,whitethorn games
1389,maple whispering
1390,rocket vulture
1391,maple whispering limited
1392,planet entertainment
1393,the bearded ladies
1394,wild river games
1395,toybox inc.
1396,placeholder gameworks
1397,izanagigames
1398,coffee stain publishing
1399,alicesoft
1400,shiravune
1401,headbang club
1402,kakehashi
1403,asiasoft
1404,neowiz/pmang
1405,wube software
1406,baltoro games.
1407,entergram
1408,m2
1409,koei tecmo games
1410,kong studios
1411,sof studios
1412,łukasz piskorz
1413,aconite
1414,glitch
1415,wave game studios
1416,goblinz studio
1417,mugen creations
1418,national westminster bank
1419,rake in grass
1420,daewon media
1421,1939 games
1422,king
1423,size five games
1424,citadel studios inc. & reaper games
1425,secret mode
1426,crystal dynamics
1427,missing calm
1428,beautiful glitch
1429,playstack
1430,puppet combo
1431,motorsport games
1432,yooreka studio
1433,ripples asia venture
1434,nolla games
1435,boltrend games
1436,omocat llc
1437,iam8bit
1438,tri-heart interactive
1439,r8 games
1440,pixel reef
1441,watermelon
1442,washbear studio
1443,skookum arts llc
1444,cape cosmic
1445,dry cactus
1446,bigbox vr
1447,super.com
1448,new star games
1449,united label games
1450,top hat studios
1451,bithell games
1452,ant workshop
1453,vagabond dog
1454,grounding inc
1455,proletariat
1456,mossmouth
1457,disney electronic content
1458,team meat
1459,echo entertainment
1460,draw me a pixel
1461,urnique studio
1462,means interactive
1463,monster games
1464,good smile company
1465,nuchallenger
1466,dontnod entertainment
1467,origamedigital
1468,thorium
1469,choice of games
1470,blood music
1471,sadsquare studio
1472,second maze
1473,monster couch
1474,macos
1475,blowfish studios
1476,aeternum game studios
1477,strange scaffold
1478,cold iron studios
1479,apple
1480,breaking walls
1481,everybody house games
1482,na team
1483,whitethorn digital
1484,akatsuki taiwan
1485,jpn
1486,shanghai yostar
1487,playwing
1488,hitgrab
1489,success
1490,exa-arcadia
1491,daniel sooman
1492,sonoshee
1493,consumer softproducts
1494,resolution games
1495,playtonic
1496,google
1497,itch.io
1498,prime matter
1499,binary haze interactive
1500,foreign gnomes
1501,surefire.games
1502,future friends games
1503,ncore games
1504,cyberconnect2
1505,anshar publishing
1506,rose city games
1507,asmodee digital
1508,10 chambers
1509,duoyi games
1510,liwei network
1511,mooneye
1512,kubold
1513,riot forge
1514,microprose
1515,io interactive
1516,meta platforms
1517,rocketwerkz
1518,broccoli
1519,superbrothers
1520,pine scented software
1521,hyperstrange
1522,ember lab
1523,novarama
1524,velan studios
1525,clouded leopard entertainment
1526,easasiasoft
1527,frontier foundry
1528,bloober team sa
1529,lasengle
1530,mlb advanced media
1531,cokem international
1532,rimatoad
1533,mwm interactive
1534,fishing cactus
1535,netease games montreal
1536,nepos games
1537,playway s.a
1538,arimac lanka private limited
1539,just for games
1540,deepnight games
1541,hooded horse
1542,jannis brinkmann
1543,no matter studios
1544,mytona
1545,leafy games
1546,rocket adrift
1547,numskull games
1548,void interactive
1549,why so serious?
1550,retrosoft studios
1551,exor studios
1552,digixart
1553,mischka kamener
1554,xd
1555,redlock studio
1556,forthright entertainment
1557,neos
1558,ares dragonis
1559,beetlewing
1560,tactical adventures
1561,1047 games
1562,aladdin x
1563,united label
1564,awaken realms
1565,hatinh interactive
1566,orange one
1567,lion castle
1568,falling squirrel
1569,game-labs llc
1570,something we made
1571,diplodocus games
1572,oskar stålberg
1573,whatboy games
1574,alien pixel studios
1575,crytivo games
1576,sbug games
1577,rokit games limited
1578,rokit
1579,worldwalker games
1580,g choice
1581,josh wardle
1582,the new york times company
1583,whisper games
1584,flanne
1585,erabit studios
1586,ys net
1587,lemaitre bros
1588,focus entertainment
1589,arte france
1590,super evil megacorp
1591,deck13 spotlight
1592,general interactive co.
1593,two star games
1594,smilegate entertainment
1595,yager development
1596,tml-studios
1597,ustwo
1598,toukana interactive
1599,wss playground
1600,novaquark
1601,christoph minnameier
1602,shoot and support
1603,boss team games
1604,siege camp
1605,don't nod
1606,illfonic
1607,passion republic games
1608,studio iggymob
1609,mister morris games
1610,key
1611,eek! games
1612,half mermaid productions
1613,bonus stage publishing
1614,tate multimedia
1615,playtonic games
1616,justdan
1617,joystick ventures
1618,trampolinetales
1619,bloodious games
1620,perpetual games
1621,bushiroad
1622,dreadxp
1623,taleworlds entertainment
1624,redhill games
1625,glumberland
1626,rusty lake
1627,mbcc
1628,aisno
1629,patrick traynor
1630,epic games publishing
1631,running with scissors
1632,bad vices games
1633,fractal projects
1634,kepler interactive
1635,sloclap
1636,jumpship
1637,gamefam studios
1638,sokpop collective
1639,wonder games
1640,tuxedo labs
1641,xd inc.
1642,chn/perfect world
1643,perfect world
1644,na/xseed games
1645,holy wow studios
1646,veritable joy studios
1647,luca galante
1648,sharkmob
1649,rogueside
1650,snowprint studios
1651,team ofk
1652,garage heathen
1653,indieark
1654,wishlist games
1655,the 4 winds entertainment
1656,overseer games
1657,vk play
1658,4divinity
1659,sgtokidoki
1660,triangle factory
1661,games by stitch
1662,kit9 studio
1663,supermassive games
1664,mintrocket
1665,shiro unlimited
1666,thunderful games
1667,mcdonald's
1668,spytihněv
1669,rogue games
1670,vg games
1671,funktronic labs
1672,xseed games and marvelous entertainment
1673,perfect garbage studios
1674,odyssey interactive
1675,sckr games
1676,fenix fire entertainment
1677,super rare originals
1678,voxpop games
1679,tour de pizza
1680,full moon features
1681,october games
1682,cococucumber
1683,soda den
1684,console labs s.a.
1685,bruner house
1686,armor games studios
1687,awaceb
1688,edia
1689,cde entertainment
1690,110 industries
1691,stadia platform content
